"experiment","dataset","date","scope","stock","medium","hypoxia","normoxia","position","condition","timestep","frame_experiment_start","frame_experiment_end","frame_hypoxia_start","frame_hypoxia_end","frame_gastrulation","frame_cf_folding_start","frame_gb_extension_start","frame_gb_extension_end","frame_clypeolabrum_start","frame_gb_retraction_start","frame_gb_retraction_end","frame_head_involution_start","frame_head_involution_end","frame_dorsal_closure_start","frame_dorsal_closure_end","frame_gut_partition_start","frame_gut_partition_end","frame_twitching_start","frame_tracheae_start","frame_hatching","time_plucking","bad_embryo","bad_twins","cephalic_furrow","hatched","discard","observations","time_experiment_start","time_experiment_end","time_experiment_total","time_hypoxia_start","time_hypoxia_end","time_hypoxia_total","time_cf_folding_start","time_gb_extension_start","time_gb_extension_end","time_gb_extension_total","time_clypeolabrum_start","time_gb_retraction_start","time_gb_retraction_end","time_gb_retraction_total","time_head_involution_start","time_head_involution_end","time_head_involution_total","time_dorsal_closure_start","time_dorsal_closure_end","time_dorsal_closure_total","time_gut_partition_start","time_gut_partition_end","time_gut_partition_total","time_twitching_start","time_tracheae_start","time_tracheae_to_hatching_total","time_hatching","time_cf_folding_start_norm","time_gb_extension_start_norm","time_gb_extension_end_norm","time_gb_extension_total_norm","time_clypeolabrum_start_norm","time_gb_retraction_start_norm","time_gb_retraction_end_norm","time_gb_retraction_total_norm","time_head_involution_start_norm","time_head_involution_end_norm","time_head_involution_total_norm","time_dorsal_closure_start_norm","time_dorsal_closure_end_norm","time_dorsal_closure_total_norm","time_gut_partition_start_norm","time_gut_partition_end_norm","time_gut_partition_total_norm","time_twitching_start_norm","time_tracheae_start_norm","time_tracheae_to_hatching_total_norm","time_hatching_norm","time_cf_folding_start_pct","time_gb_extension_start_pct","time_gb_extension_end_pct","time_gb_extension_total_pct","time_clypeolabrum_start_pct","time_gb_retraction_start_pct","time_gb_retraction_end_pct","time_gb_retraction_total_pct","time_head_involution_start_pct","time_head_involution_end_pct","time_head_involution_total_pct","time_dorsal_closure_start_pct","time_dorsal_closure_end_pct","time_dorsal_closure_total_pct","time_gut_partition_start_pct","time_gut_partition_end_pct","time_gut_partition_total_pct","time_twitching_start_pct","time_tracheae_start_pct","time_tracheae_to_hatching_total_pct","time_hatching_pct","coord_gb_start_depth","coord_gb_start_width","coord_subject_length","coord_subject_width","coord_gb_start_angle"
"2024-07-18_L2_RGap_H200_10pct_oxygen_t3min_evil_twins_pluck","CROP_2024-07-18_L2_RGap_H200_10pct_oxygen_t3min_evil_twins_pluck_1_2_Pos2_RGB.tif","2024-07-18","L2","RGap","H200",10,20.4,2,"evil_twins",3,1,449,-3,34,18,28,NA,NA,NA,NA,145,NA,NA,NA,NA,NA,NA,NA,NA,361,17,FALSE,FALSE,FALSE,TRUE,FALSE,"",-0.85,21.83,22.73,-1.05,0.8,1.85,0.5,NA,NA,NA,NA,NA,6.63,NA,NA,NA,NA,NA,NA,NA,NA,NA,NA,NA,NA,NA,17.43,0.47,NA,NA,NA,NA,NA,0.51,NA,NA,NA,NA,NA,NA,NA,NA,NA,NA,NA,NA,NA,0.699999999999999,2.86861732644865,NA,NA,NA,NA,NA,38.0378657487091,NA,NA,NA,NA,NA,NA,NA,NA,NA,NA,NA,NA,NA,100,NA,NA,NA,NA,NA
"2024-07-18_L2_RGap_H200_10pct_oxygen_t3min_evil_twins_pluck","CROP_2024-07-18_L2_RGap_H200_10pct_oxygen_t3min_evil_twins_pluck_1_2_Pos3_RGB.tif","2024-07-18","L2","RGap","H200",10,20.4,3,"control",3,1,449,-3,34,24,25,NA,NA,NA,NA,142,NA,NA,NA,NA,NA,NA,NA,NA,356,17,FALSE,FALSE,TRUE,TRUE,FALSE,"",-1.15,21.53,22.73,-1.35,0.5,1.85,0.05,NA,NA,NA,NA,NA,6.18,NA,NA,NA,NA,NA,NA,NA,NA,NA,NA,NA,NA,NA,16.88,0.02,NA,NA,NA,NA,NA,0.0599999999999996,NA,NA,NA,NA,NA,NA,NA,NA,NA,NA,NA,NA,NA,0.149999999999999,0.296208530805687,NA,NA,NA,NA,NA,36.6113744075829,NA,NA,NA,NA,NA,NA,NA,NA,NA,NA,NA,NA,NA,100,NA,NA,NA,NA,NA
"2024-07-18_L2_RGap_H200_10pct_oxygen_t3min_evil_twins_pluck","CROP_2024-07-18_L2_RGap_H200_10pct_oxygen_t3min_evil_twins_pluck_1_2_Pos4_RGB.tif","2024-07-18","L2","RGap","H200",10,20.4,4,"evil_twins",3,1,449,-3,34,35,41,NA,NA,NA,NA,159,NA,NA,NA,NA,NA,NA,NA,NA,403,17,FALSE,FALSE,TRUE,TRUE,FALSE,"Too early. Gastrulation happened during plucking.",-1.7,20.98,22.73,-1.9,-0.05,1.85,0.58,NA,NA,NA,NA,NA,6.48,NA,NA,NA,NA,NA,NA,NA,NA,NA,NA,NA,NA,NA,18.68,0.55,NA,NA,NA,NA,NA,0.36,NA,NA,NA,NA,NA,NA,NA,NA,NA,NA,NA,NA,NA,1.95,3.10492505353319,NA,NA,NA,NA,NA,34.6895074946467,NA,NA,NA,NA,NA,NA,NA,NA,NA,NA,NA,NA,NA,100,NA,NA,NA,NA,NA
"2024-07-18_L2_RGap_H200_10pct_oxygen_t3min_evil_twins_pluck","CROP_2024-07-18_L2_RGap_H200_10pct_oxygen_t3min_evil_twins_pluck_1_2_Pos5_RGB.tif","2024-07-18","L2","RGap","H200",10,20.4,5,"control",3,1,449,-3,34,21,20,NA,NA,NA,NA,138,NA,NA,NA,NA,NA,NA,NA,NA,345,17,FALSE,FALSE,TRUE,TRUE,FALSE,"",-1,21.68,22.73,-1.2,0.65,1.85,-0.05,NA,NA,NA,NA,NA,6.13,NA,NA,NA,NA,NA,NA,NA,NA,NA,NA,NA,NA,NA,16.48,-0.08,NA,NA,NA,NA,NA,0.00999999999999979,NA,NA,NA,NA,NA,NA,NA,NA,NA,NA,NA,NA,NA,-0.25,-0.303398058252427,NA,NA,NA,NA,NA,37.1966019417476,NA,NA,NA,NA,NA,NA,NA,NA,NA,NA,NA,NA,NA,100,NA,NA,NA,NA,NA
"2024-07-18_L2_RGap_H200_10pct_oxygen_t3min_evil_twins_pluck","CROP_2024-07-18_L2_RGap_H200_10pct_oxygen_t3min_evil_twins_pluck_1_2_Pos6_RGB.tif","2024-07-18","L2","RGap","H200",10,20.4,6,"evil_twins",3,1,449,-3,34,19,33,NA,NA,NA,NA,144,NA,NA,NA,NA,NA,NA,NA,NA,363,17,FALSE,FALSE,FALSE,TRUE,FALSE,"",-0.9,21.78,22.73,-1.1,0.75,1.85,0.7,NA,NA,NA,NA,NA,6.53,NA,NA,NA,NA,NA,NA,NA,NA,NA,NA,NA,NA,NA,17.48,0.67,NA,NA,NA,NA,NA,0.41,NA,NA,NA,NA,NA,NA,NA,NA,NA,NA,NA,NA,NA,0.75,4.0045766590389,NA,NA,NA,NA,NA,37.3569794050343,NA,NA,NA,NA,NA,NA,NA,NA,NA,NA,NA,NA,NA,100,NA,NA,NA,NA,NA
"2024-07-18_L2_RGap_H200_10pct_oxygen_t3min_evil_twins_pluck","CROP_2024-07-18_L2_RGap_H200_10pct_oxygen_t3min_evil_twins_pluck_1_2_Pos7_RGB.tif","2024-07-18","L2","RGap","H200",10,20.4,7,"control",3,1,449,-3,34,28,31,NA,NA,NA,NA,146,NA,NA,NA,NA,NA,NA,NA,NA,354,17,FALSE,FALSE,TRUE,TRUE,FALSE,"",-1.35,21.33,22.73,-1.55,0.3,1.85,0.15,NA,NA,NA,NA,NA,6.18,NA,NA,NA,NA,NA,NA,NA,NA,NA,NA,NA,NA,NA,16.58,0.12,NA,NA,NA,NA,NA,0.0599999999999996,NA,NA,NA,NA,NA,NA,NA,NA,NA,NA,NA,NA,NA,-0.150000000000002,0.904704463208685,NA,NA,NA,NA,NA,37.2738238841978,NA,NA,NA,NA,NA,NA,NA,NA,NA,NA,NA,NA,NA,100,NA,NA,NA,NA,NA
"2024-07-18_L2_RGap_H200_10pct_oxygen_t3min_evil_twins_pluck","CROP_2024-07-18_L2_RGap_H200_10pct_oxygen_t3min_evil_twins_pluck_1_2_Pos8_RGB.tif","2024-07-18","L2","RGap","H200",10,20.4,8,"evil_twins",3,1,449,-3,34,31,38,NA,NA,NA,NA,151,NA,NA,NA,NA,NA,NA,NA,NA,365,17,FALSE,FALSE,TRUE,TRUE,FALSE,"Hard to say if normal CF or EF.",-1.5,21.18,22.73,-1.7,0.15,1.85,0.63,NA,NA,NA,NA,NA,6.28,NA,NA,NA,NA,NA,NA,NA,NA,NA,NA,NA,NA,NA,16.98,0.6,NA,NA,NA,NA,NA,0.16,NA,NA,NA,NA,NA,NA,NA,NA,NA,NA,NA,NA,NA,0.25,3.71024734982332,NA,NA,NA,NA,NA,36.9846878680801,NA,NA,NA,NA,NA,NA,NA,NA,NA,NA,NA,NA,NA,100,NA,NA,NA,NA,NA
"2024-07-18_L2_RGap_H200_10pct_oxygen_t3min_evil_twins_pluck","CROP_2024-07-18_L2_RGap_H200_10pct_oxygen_t3min_evil_twins_pluck_1_2_Pos9_RGB.tif","2024-07-18","L2","RGap","H200",10,20.4,9,"control",3,1,449,-3,34,24,24,NA,NA,NA,NA,142,NA,NA,NA,NA,NA,NA,NA,NA,363,17,FALSE,FALSE,TRUE,TRUE,FALSE,"",-1.15,21.53,22.73,-1.35,0.5,1.85,0,NA,NA,NA,NA,NA,6.18,NA,NA,NA,NA,NA,NA,NA,NA,NA,NA,NA,NA,NA,17.23,-0.03,NA,NA,NA,NA,NA,0.0599999999999996,NA,NA,NA,NA,NA,NA,NA,NA,NA,NA,NA,NA,NA,0.5,0,NA,NA,NA,NA,NA,35.8676726639582,NA,NA,NA,NA,NA,NA,NA,NA,NA,NA,NA,NA,NA,100,NA,NA,NA,NA,NA
"2024-07-18_L2_RGap_H200_10pct_oxygen_t3min_evil_twins_pluck","CROP_2024-07-18_L2_RGap_H200_10pct_oxygen_t3min_evil_twins_pluck_1_2_Pos10_RGB.tif","2024-07-18","L2","RGap","H200",10,20.4,10,"evil_twins",3,1,449,-3,34,13,22,NA,NA,NA,NA,140,NA,NA,NA,NA,NA,NA,NA,NA,342,17,FALSE,FALSE,FALSE,TRUE,FALSE,"",-0.6,22.08,22.73,-0.8,1.05,1.85,0.45,NA,NA,NA,NA,NA,6.63,NA,NA,NA,NA,NA,NA,NA,NA,NA,NA,NA,NA,NA,16.73,0.42,NA,NA,NA,NA,NA,0.51,NA,NA,NA,NA,NA,NA,NA,NA,NA,NA,NA,NA,NA,0,2.68977884040646,NA,NA,NA,NA,NA,39.6294082486551,NA,NA,NA,NA,NA,NA,NA,NA,NA,NA,NA,NA,NA,100,NA,NA,NA,NA,NA
"2024-07-18_L2_RGap_H200_10pct_oxygen_t3min_evil_twins_pluck","CROP_2024-07-18_L2_RGap_H200_10pct_oxygen_t3min_evil_twins_pluck_1_2_Pos11_RGB.tif","2024-07-18","L2","RGap","H200",10,20.4,11,"control",3,1,449,-3,34,28,29,NA,NA,NA,NA,146,NA,NA,NA,NA,NA,NA,NA,NA,355,17,FALSE,FALSE,TRUE,TRUE,FALSE,"",-1.35,21.33,22.73,-1.55,0.3,1.85,0.05,NA,NA,NA,NA,NA,6.18,NA,NA,NA,NA,NA,NA,NA,NA,NA,NA,NA,NA,NA,16.63,0.02,NA,NA,NA,NA,NA,0.0599999999999996,NA,NA,NA,NA,NA,NA,NA,NA,NA,NA,NA,NA,NA,-0.100000000000001,0.300661455201443,NA,NA,NA,NA,NA,37.1617558628984,NA,NA,NA,NA,NA,NA,NA,NA,NA,NA,NA,NA,NA,100,NA,NA,NA,NA,NA
"2024-07-18_L2_RGap_H200_10pct_oxygen_t3min_evil_twins_pluck","CROP_2024-07-18_L2_RGap_H200_10pct_oxygen_t3min_evil_twins_pluck_1_2_Pos12_RGB.tif","2024-07-18","L2","RGap","H200",10,20.4,12,"evil_twins",3,1,449,-3,34,13,20,NA,NA,NA,NA,145,NA,NA,NA,NA,NA,NA,NA,NA,362,17,FALSE,FALSE,FALSE,TRUE,FALSE,"On the limit of CF/EF?",-0.6,22.08,22.73,-0.8,1.05,1.85,0.35,NA,NA,NA,NA,NA,6.88,NA,NA,NA,NA,NA,NA,NA,NA,NA,NA,NA,NA,NA,17.73,0.32,NA,NA,NA,NA,NA,0.76,NA,NA,NA,NA,NA,NA,NA,NA,NA,NA,NA,NA,NA,1,1.97405527354766,NA,NA,NA,NA,NA,38.8042865200226,NA,NA,NA,NA,NA,NA,NA,NA,NA,NA,NA,NA,NA,100,NA,NA,NA,NA,NA
"2024-07-18_L2_RGap_H200_10pct_oxygen_t3min_evil_twins_pluck","CROP_2024-07-18_L2_RGap_H200_10pct_oxygen_t3min_evil_twins_pluck_1_2_Pos13_RGB.tif","2024-07-18","L2","RGap","H200",10,20.4,13,"control",3,1,449,-3,34,29,30,NA,NA,NA,NA,147,NA,NA,NA,NA,NA,NA,NA,NA,342,17,FALSE,FALSE,TRUE,TRUE,FALSE,"",-1.4,21.28,22.73,-1.6,0.25,1.85,0.05,NA,NA,NA,NA,NA,6.18,NA,NA,NA,NA,NA,NA,NA,NA,NA,NA,NA,NA,NA,15.93,0.02,NA,NA,NA,NA,NA,0.0599999999999996,NA,NA,NA,NA,NA,NA,NA,NA,NA,NA,NA,NA,NA,-0.800000000000001,0.313873195229127,NA,NA,NA,NA,NA,38.7947269303202,NA,NA,NA,NA,NA,NA,NA,NA,NA,NA,NA,NA,NA,100,NA,NA,NA,NA,NA
"2024-07-18_L2_RGap_H200_10pct_oxygen_t3min_evil_twins_pluck","CROP_2024-07-18_L2_RGap_H200_10pct_oxygen_t3min_evil_twins_pluck_1_2_Pos15_RGB.tif","2024-07-18","L2","RGap","H200",10,20.4,15,"evil_twins",3,1,449,-3,34,11,20,NA,NA,NA,NA,141,NA,NA,NA,NA,NA,NA,NA,NA,370,17,FALSE,FALSE,FALSE,TRUE,FALSE,"",-0.5,22.18,22.73,-0.7,1.15,1.85,0.45,NA,NA,NA,NA,NA,6.78,NA,NA,NA,NA,NA,NA,NA,NA,NA,NA,NA,NA,NA,18.23,0.42,NA,NA,NA,NA,NA,0.66,NA,NA,NA,NA,NA,NA,NA,NA,NA,NA,NA,NA,NA,1.5,2.46845858475041,NA,NA,NA,NA,NA,37.1914426769062,NA,NA,NA,NA,NA,NA,NA,NA,NA,NA,NA,NA,NA,100,NA,NA,NA,NA,NA
"2024-07-18_L2_RGap_H200_10pct_oxygen_t3min_evil_twins_pluck","CROP_2024-07-18_L2_RGap_H200_10pct_oxygen_t3min_evil_twins_pluck_1_2_Pos17_RGB.tif","2024-07-18","L2","RGap","H200",10,20.4,17,"control",3,1,449,-3,34,28,29,NA,NA,NA,NA,143,NA,NA,NA,NA,NA,NA,NA,NA,358,17,FALSE,FALSE,TRUE,TRUE,FALSE,"",-1.35,21.33,22.73,-1.55,0.3,1.85,0.05,NA,NA,NA,NA,NA,6.03,NA,NA,NA,NA,NA,NA,NA,NA,NA,NA,NA,NA,NA,16.78,0.02,NA,NA,NA,NA,NA,-0.0899999999999999,NA,NA,NA,NA,NA,NA,NA,NA,NA,NA,NA,NA,NA,0.0500000000000007,0.297973778307509,NA,NA,NA,NA,NA,35.9356376638856,NA,NA,NA,NA,NA,NA,NA,NA,NA,NA,NA,NA,NA,100,NA,NA,NA,NA,NA
"2024-07-18_L2_RGap_H200_10pct_oxygen_t3min_evil_twins_pluck","CROP_2024-07-18_L2_RGap_H200_10pct_oxygen_t3min_evil_twins_pluck_1_2_Pos19_RGB.tif","2024-07-18","L2","RGap","H200",10,20.4,19,"evil_twins",3,1,449,-3,34,24,34,NA,NA,NA,NA,144,NA,NA,NA,NA,NA,NA,NA,NA,358,17,FALSE,FALSE,FALSE,TRUE,FALSE,"",-1.15,21.53,22.73,-1.35,0.5,1.85,0.5,NA,NA,NA,NA,NA,6.28,NA,NA,NA,NA,NA,NA,NA,NA,NA,NA,NA,NA,NA,16.98,0.47,NA,NA,NA,NA,NA,0.16,NA,NA,NA,NA,NA,NA,NA,NA,NA,NA,NA,NA,NA,0.25,2.94464075382803,NA,NA,NA,NA,NA,36.9846878680801,NA,NA,NA,NA,NA,NA,NA,NA,NA,NA,NA,NA,NA,100,NA,NA,NA,NA,NA
"2024-07-18_L2_RGap_H200_10pct_oxygen_t3min_evil_twins_pluck","CROP_2024-07-18_L2_RGap_H200_10pct_oxygen_t3min_evil_twins_pluck_1_2_Pos20_RGB.tif","2024-07-18","L2","RGap","H200",10,20.4,20,"control",3,1,449,-3,34,20,19,NA,NA,NA,NA,136,NA,NA,NA,NA,NA,NA,NA,NA,363,17,FALSE,FALSE,TRUE,TRUE,FALSE,"",-0.95,21.73,22.73,-1.15,0.7,1.85,-0.05,NA,NA,NA,NA,NA,6.08,NA,NA,NA,NA,NA,NA,NA,NA,NA,NA,NA,NA,NA,17.43,-0.08,NA,NA,NA,NA,NA,-0.04,NA,NA,NA,NA,NA,NA,NA,NA,NA,NA,NA,NA,NA,0.699999999999999,-0.286861732644865,NA,NA,NA,NA,NA,34.8823866896156,NA,NA,NA,NA,NA,NA,NA,NA,NA,NA,NA,NA,NA,100,NA,NA,NA,NA,NA
"2024-07-18_L2_RGap_H200_10pct_oxygen_t3min_evil_twins_pluck","CROP_2024-07-18_L2_RGap_H200_10pct_oxygen_t3min_evil_twins_pluck_1_2_Pos21_RGB.tif","2024-07-18","L2","RGap","H200",10,20.4,21,"evil_twins",3,1,449,-3,34,27,35,NA,NA,NA,NA,151,NA,NA,NA,NA,NA,NA,NA,NA,367,17,FALSE,FALSE,FALSE,TRUE,FALSE,"Hard to say if normal CF or EF because folding occurred during plucking.",-1.3,21.38,22.73,-1.5,0.35,1.85,0.68,NA,NA,NA,NA,NA,6.48,NA,NA,NA,NA,NA,NA,NA,NA,NA,NA,NA,NA,NA,17.28,0.65,NA,NA,NA,NA,NA,0.36,NA,NA,NA,NA,NA,NA,NA,NA,NA,NA,NA,NA,NA,0.550000000000001,3.93518518518519,NA,NA,NA,NA,NA,37.5,NA,NA,NA,NA,NA,NA,NA,NA,NA,NA,NA,NA,NA,100,NA,NA,NA,NA,NA
"2024-07-18_L2_RGap_H200_10pct_oxygen_t3min_evil_twins_pluck","CROP_2024-07-18_L2_RGap_H200_10pct_oxygen_t3min_evil_twins_pluck_1_2_Pos22_RGB.tif","2024-07-18","L2","RGap","H200",10,20.4,22,"control",3,1,449,-3,34,21,21,NA,NA,NA,NA,135,NA,NA,NA,NA,NA,NA,NA,NA,348,17,FALSE,FALSE,TRUE,TRUE,FALSE,"Hard to see the membrane.",-1,21.68,22.73,-1.2,0.65,1.85,0,NA,NA,NA,NA,NA,5.98,NA,NA,NA,NA,NA,NA,NA,NA,NA,NA,NA,NA,NA,16.63,-0.03,NA,NA,NA,NA,NA,-0.14,NA,NA,NA,NA,NA,NA,NA,NA,NA,NA,NA,NA,NA,-0.100000000000001,0,NA,NA,NA,NA,NA,35.9591100420926,NA,NA,NA,NA,NA,NA,NA,NA,NA,NA,NA,NA,NA,100,NA,NA,NA,NA,NA
"2024-07-25_L2_RGap_H200_10pct_oxygen_t3min_evil_twins_pluck","CROP_2024-07-25_L2_RGap_H200_10pct_oxygen_t3min_evil_twins_pluck_1_2_Pos1_RGB.tif","2024-07-25","L2","RGap","H200",10,20.5,1,"evil_twins",3,1,445,5,45,34,46,40,67,81,130,170,183,259,NA,NA,223,NA,278,349,407,20,FALSE,FALSE,FALSE,TRUE,FALSE,"Apparently no CF, but during plucking time.",-1.65,20.88,22.58,-1.45,0.55,2,0.93,0.3,1.98,1.68,2.68,5.13,7.13,2,7.78,11.58,3.8,NA,NA,NA,9.78,NA,NA,12.53,16.08,2.9,18.98,0.95,0.04,-0.95,-0.99,0.04,1.44,0.26,-1.18,-0.00999999999999979,0.119999999999999,0.13,NA,NA,NA,0.119999999999999,NA,NA,0.24,0.429999999999998,0.4,0.830000000000002,4.89989462592202,1.58061116965227,10.432033719705,8.85142255005269,14.1201264488936,27.0284510010537,37.5658587987355,10.5374077976818,40.9905163329821,61.0115911485775,20.0210748155954,NA,NA,NA,51.5279241306638,NA,NA,66.0168598524763,84.7207586933614,15.2792413066386,100,14.560219778561,45.2216762183801,497.378125775551,180.80099557248,11.6792171704467
"2024-07-25_L2_RGap_H200_10pct_oxygen_t3min_evil_twins_pluck","CROP_2024-07-25_L2_RGap_H200_10pct_oxygen_t3min_evil_twins_pluck_1_2_Pos5_RGB.tif","2024-07-25","L2","RGap","H200",10,20.5,5,"control",3,1,445,5,45,27,26,31,73,74,92,153,168,248,NA,NA,212,NA,271,331,380,20,FALSE,FALSE,TRUE,TRUE,FALSE,"",-1.3,21.23,22.58,-1.1,0.9,2,-0.05,0.2,2.63,2.43,2.68,3.58,6.63,3.05,7.38,11.38,4,NA,NA,NA,9.58,NA,NA,12.53,15.53,2.45,17.98,-0.03,-0.06,-0.3,-0.24,0.04,-0.11,-0.24,-0.13,-0.41,-0.0800000000000001,0.33,NA,NA,NA,-0.0800000000000001,NA,NA,0.24,-0.120000000000001,-0.0499999999999998,-0.169999999999998,-0.278086763070078,1.11234705228031,14.6273637374861,13.5150166852058,14.9054505005562,19.9110122358176,36.8743047830923,16.9632925472747,41.0456062291435,63.2925472747497,22.2469410456062,NA,NA,NA,53.2814238042269,NA,NA,69.6885428253615,86.3737486095662,13.6262513904338,100,17.0293863659264,45.0444225182208,482.199128991333,175.145653671451,2.10766753717949
"2024-07-25_L2_RGap_H200_10pct_oxygen_t3min_evil_twins_pluck","CROP_2024-07-25_L2_RGap_H200_10pct_oxygen_t3min_evil_twins_pluck_1_2_Pos6_RGB.tif","2024-07-25","L2","RGap","H200",10,20.5,6,"evil_twins",3,1,445,5,45,27,40,32,80,73,103,163,176,252,NA,NA,219,NA,275,343,398,20,FALSE,FALSE,FALSE,TRUE,FALSE,"",-1.3,21.23,22.58,-1.1,0.9,2,0.65,0.25,2.98,2.73,2.63,4.13,7.13,3,7.78,11.58,3.8,NA,NA,NA,9.93,NA,NA,12.73,16.13,2.75,18.88,0.67,-0.01,0.0499999999999998,0.0600000000000001,-0.0100000000000002,0.44,0.26,-0.18,-0.00999999999999979,0.119999999999999,0.13,NA,NA,NA,0.27,NA,NA,0.440000000000001,0.479999999999999,0.25,0.73,3.44279661016949,1.32415254237288,15.7838983050847,14.4597457627119,13.9300847457627,21.875,37.7648305084746,15.8898305084746,41.2076271186441,61.3347457627119,20.1271186440678,NA,NA,NA,52.5953389830508,NA,NA,67.4258474576271,85.4343220338983,14.5656779661017,100,19.1049731745428,51.7880295048962,473.660215766534,179.546651319372,9.03450890299441
"2024-07-25_L2_RGap_H200_10pct_oxygen_t3min_evil_twins_pluck","CROP_2024-07-25_L2_RGap_H200_10pct_oxygen_t3min_evil_twins_pluck_1_2_Pos8_RGB.tif","2024-07-25","L2","RGap","H200",10,20.5,8,"evil_twins",3,1,445,5,45,39,47,44,80,83,126,170,208,273,NA,NA,228,NA,281,352,406,20,FALSE,FALSE,FALSE,TRUE,FALSE,"Gastrulation during plucking, but apparently no CF.",-1.9,20.63,22.58,-1.7,0.3,2,0.73,0.25,2.38,2.13,2.53,4.68,6.88,2.2,8.78,12.03,3.25,NA,NA,NA,9.78,NA,NA,12.43,15.98,2.7,18.68,0.75,-0.01,-0.55,-0.54,-0.11,0.99,0.00999999999999979,-0.98,0.989999999999999,0.569999999999999,-0.42,NA,NA,NA,0.119999999999999,NA,NA,0.140000000000001,0.33,0.2,0.530000000000001,3.90792291220557,1.33832976445396,12.7408993576017,11.4025695931478,13.5438972162741,25.0535331905782,36.830835117773,11.7773019271949,47.0021413276231,64.4004282655246,17.3982869379015,NA,NA,NA,52.355460385439,NA,NA,66.541755888651,85.5460385438972,14.4539614561028,100,24.0208242989286,48.0104155366312,474.08121667073,181.069047603394,1.48440557977131
"2024-07-25_L2_RGap_H200_10pct_oxygen_t3min_evil_twins_pluck","CROP_2024-07-25_L2_RGap_H200_10pct_oxygen_t3min_evil_twins_pluck_1_2_Pos9_RGB.tif","2024-07-25","L2","RGap","H200",10,20.5,9,"evil_twins",3,1,445,5,45,41,46,45,84,75,115,179,191,270,NA,NA,240,NA,279,357,413,20,FALSE,FALSE,FALSE,TRUE,FALSE,"",-2,20.53,22.58,-1.8,0.2,2,0.58,0.2,2.48,1.95,2.03,4.03,7.23,3.2,7.83,11.78,3.95,NA,NA,NA,10.28,NA,NA,12.23,16.13,2.8,18.93,0.6,-0.06,-0.45,-0.72,-0.61,0.34,0.36,0.02,0.04,0.319999999999999,0.28,NA,NA,NA,0.619999999999999,NA,NA,-0.0599999999999987,0.479999999999999,0.3,0.780000000000001,3.06391970417327,1.05652403592182,13.1008980454305,10.3011093502377,10.7237189646064,21.2889593238246,38.1933438985737,16.9043845747491,41.3629160063391,62.229265715795,20.8663497094559,NA,NA,NA,54.3053354463814,NA,NA,64.6064447966191,85.2086634970945,14.7913365029054,100,26.5706605111728,55.9464029227975,505.198970703623,186.400107296106,8.26652349345825
"2024-07-25_L2_RGap_H200_10pct_oxygen_t3min_evil_twins_pluck","CROP_2024-07-25_L2_RGap_H200_10pct_oxygen_t3min_evil_twins_pluck_1_2_Pos10_RGB.tif","2024-07-25","L2","RGap","H200",10,20.5,10,"control",3,1,445,5,45,24,23,29,73,65,90,156,171,243,NA,NA,221,NA,265,336,386,20,FALSE,FALSE,TRUE,TRUE,FALSE,"",-1.15,21.38,22.58,-0.95,1.05,2,-0.05,0.25,2.78,2.53,2.38,3.63,6.93,3.3,7.68,11.28,3.6,NA,NA,NA,10.18,NA,NA,12.38,15.93,2.5,18.43,-0.03,-0.01,-0.15,-0.14,-0.26,-0.0600000000000001,0.0599999999999996,0.12,-0.11,-0.180000000000001,-0.0699999999999998,NA,NA,NA,0.52,NA,NA,0.0900000000000016,0.279999999999999,0,0.280000000000001,-0.271296798697775,1.35648399348888,15.0841020075963,13.7276180141074,12.9137276180141,19.6961475854585,37.6017362995117,17.9055887140532,41.6711882799783,61.2045577862181,19.5333695062398,NA,NA,NA,55.2360282148671,NA,NA,67.1730873575692,86.4351600651112,13.5648399348888,100,7.28010988928052,15.0332963783729,499.400640768512,175.102826933205,18.2405914401112
"2024-07-25_L2_RGap_H200_10pct_oxygen_t3min_evil_twins_pluck","CROP_2024-07-25_L2_RGap_H200_10pct_oxygen_t3min_evil_twins_pluck_1_2_Pos11_RGB.tif","2024-07-25","L2","RGap","H200",10,20.5,11,"evil_twins",3,1,445,5,45,37,46,43,91,72,120,174,194,264,NA,NA,233,NA,283,354,407,20,FALSE,FALSE,FALSE,TRUE,FALSE,"Apparently no CF, but during plucking time.",-1.8,20.73,22.58,-1.6,0.4,2,0.78,0.3,3.03,2.73,2.08,4.48,7.18,2.7,8.18,11.68,3.5,NA,NA,NA,10.13,NA,NA,12.63,16.18,2.65,18.83,0.8,0.04,0.0999999999999996,0.0600000000000001,-0.56,0.79,0.31,-0.48,0.39,0.219999999999999,-0.17,NA,NA,NA,0.470000000000001,NA,NA,0.340000000000002,0.529999999999999,0.15,0.68,4.14232607541158,1.59320233669676,16.0913436006373,14.4981412639405,11.0462028677642,23.7918215613383,38.1306425916091,14.3388210302708,43.441317047265,62.0286776420606,18.5873605947955,NA,NA,NA,53.797132235794,NA,NA,67.0738183749336,85.926712692512,14.0732873074881,100,18.0277563773199,39.0128184062623,471.533667938992,183.883115048663,7.80220036154851
"2024-07-25_L2_RGap_H200_10pct_oxygen_t3min_evil_twins_pluck","CROP_2024-07-25_L2_RGap_H200_10pct_oxygen_t3min_evil_twins_pluck_1_2_Pos12_RGB.tif","2024-07-25","L2","RGap","H200",10,20.5,12,"evil_twins",3,1,445,5,45,29,40,35,80,67,113,167,185,249,NA,NA,220,NA,264,337,392,20,FALSE,FALSE,FALSE,TRUE,FALSE,"",-1.4,21.13,22.58,-1.2,0.8,2,0.55,0.3,2.88,2.58,2.23,4.53,7.23,2.7,8.13,11.33,3.2,NA,NA,NA,9.88,NA,NA,12.08,15.73,2.75,18.48,0.57,0.04,-0.0500000000000003,-0.0899999999999999,-0.41,0.84,0.36,-0.48,0.340000000000001,-0.130000000000001,-0.47,NA,NA,NA,0.220000000000001,NA,NA,-0.209999999999999,0.0800000000000001,0.25,0.330000000000002,2.97619047619048,1.62337662337662,15.5844155844156,13.961038961039,12.0670995670996,24.512987012987,39.1233766233766,14.6103896103896,43.9935064935065,61.3095238095238,17.3160173160173,NA,NA,NA,53.4632034632035,NA,NA,65.3679653679654,85.1190476190476,14.8809523809524,100,27.459060435492,46.3249392876019,517.217555773197,183,8.82958985440956
"2024-07-25_L2_RGap_H200_10pct_oxygen_t3min_evil_twins_pluck","CROP_2024-07-25_L2_RGap_H200_10pct_oxygen_t3min_evil_twins_pluck_1_2_Pos13_RGB.tif","2024-07-25","L2","RGap","H200",10,20.5,13,"control",3,1,445,5,45,16,16,22,77,72,90,151,164,244,NA,NA,205,NA,276,325,377,20,FALSE,FALSE,TRUE,TRUE,FALSE,"",-0.75,21.78,22.58,-0.55,1.45,2,0,0.3,3.38,3.08,3.13,4.03,7.08,3.05,7.73,11.73,4,NA,NA,NA,9.78,NA,NA,13.33,15.78,2.6,18.38,0.02,0.04,0.45,0.41,0.49,0.34,0.21,-0.13,-0.0599999999999996,0.27,0.33,NA,NA,NA,0.119999999999999,NA,NA,1.04,0.129999999999999,0.1,0.23,0,1.63220892274211,18.3895538628945,16.7573449401523,17.0293797606094,21.9260065288357,38.5201305767138,16.5941240478781,42.0565832426551,63.8193688792165,21.7627856365615,NA,NA,NA,53.2100108813928,NA,NA,72.5244831338411,85.854189336235,14.145810663765,100,21.3775583264319,47.8016736108685,495.049492475247,173.833253435584,5.56891220161339
"2024-07-25_L2_RGap_H200_10pct_oxygen_t3min_evil_twins_pluck","CROP_2024-07-25_L2_RGap_H200_10pct_oxygen_t3min_evil_twins_pluck_1_2_Pos14_RGB.tif","2024-07-25","L2","RGap","H200",10,20.5,14,"evil_twins",3,1,445,5,45,13,13,18,67,81,103,164,171,272,NA,NA,212,NA,274,338,401,20,FALSE,FALSE,TRUE,TRUE,FALSE,"Hatching frame is not clear because embryo moved.",-0.6,21.93,22.58,-0.4,1.6,2,0,0.25,3.03,2.78,3.73,4.83,7.88,3.05,8.23,13.28,5.05,NA,NA,NA,10.28,NA,NA,13.38,16.58,3.15,19.73,0.02,-0.01,0.0999999999999996,0.11,1.09,1.14,1.01,-0.13,0.44,1.82,1.38,NA,NA,NA,0.619999999999999,NA,NA,1.09,0.929999999999998,0.65,1.58,0,1.26710593005575,15.3573238722757,14.09021794222,18.9052204764318,24.4804865686771,39.9391789153573,15.4586923466802,41.7131272174354,67.3086670045616,25.5955397871262,NA,NA,NA,52.1033958438925,NA,NA,67.8155093765839,84.0344652812975,15.9655347187025,100,10.1980390271856,22.0907220343745,495.445254291531,175.071414000116,8.88065915052019
"2024-07-25_L2_RGap_H200_10pct_oxygen_t3min_evil_twins_pluck","CROP_2024-07-25_L2_RGap_H200_10pct_oxygen_t3min_evil_twins_pluck_1_2_Pos15_RGB.tif","2024-07-25","L2","RGap","H200",10,20.5,15,"evil_twins",3,1,445,5,45,29,43,36,88,69,101,171,185,256,NA,NA,226,NA,261,344,434,20,FALSE,FALSE,FALSE,TRUE,FALSE,"",-1.4,21.13,22.58,-1.2,0.8,2,0.7,0.35,3.28,2.93,2.33,3.93,7.43,3.5,8.13,11.68,3.55,NA,NA,NA,10.18,NA,NA,11.93,16.08,4.5,20.58,0.72,0.09,0.35,0.26,-0.31,0.24,0.56,0.32,0.340000000000001,0.219999999999999,-0.12,NA,NA,NA,0.52,NA,NA,-0.359999999999999,0.429999999999998,2,2.43,3.40136054421769,1.70068027210884,15.9378036929057,14.2371234207969,11.3216715257532,19.0962099125364,36.1030126336249,17.0068027210884,39.5043731778426,56.754130223518,17.2497570456754,NA,NA,NA,49.4655004859087,NA,NA,57.9689018464529,78.134110787172,21.865889212828,100,23.3452350598575,46.3896540189728,510.248958842642,175.92327873252,1.64042344697189
"2024-07-25_L2_RGap_H200_10pct_oxygen_t3min_evil_twins_pluck","CROP_2024-07-25_L2_RGap_H200_10pct_oxygen_t3min_evil_twins_pluck_1_2_Pos17_RGB.tif","2024-07-25","L2","RGap","H200",10,20.5,17,"control",3,1,445,5,45,33,33,38,79,65,80,159,173,245,NA,NA,210,NA,260,331,383,20,FALSE,FALSE,TRUE,TRUE,FALSE,"",-1.6,20.93,22.58,-1.4,0.6,2,0,0.25,2.63,2.38,1.93,2.68,6.63,3.95,7.33,10.93,3.6,NA,NA,NA,9.18,NA,NA,11.68,15.23,2.6,17.83,0.02,-0.01,-0.3,-0.29,-0.71,-1.01,-0.24,0.77,-0.46,-0.530000000000001,-0.0699999999999998,NA,NA,NA,-0.48,NA,NA,-0.609999999999999,-0.42,0.1,-0.32,0,1.40213123948402,14.7504206393718,13.3482893998878,10.8244531688166,15.0308468872687,37.1845204711161,22.1536735838475,41.1104879416713,61.3011777902412,20.1906898485698,NA,NA,NA,51.4862591138531,NA,NA,65.5075715086932,85.4178351093663,14.5821648906338,100,17.7200451466693,50.5667875190821,508.566613139321,181.002762409859,19.0944163197704
"2024-07-25_L2_RGap_H200_10pct_oxygen_t3min_evil_twins_pluck","CROP_2024-07-25_L2_RGap_H200_10pct_oxygen_t3min_evil_twins_pluck_1_2_Pos19_RGB.tif","2024-07-25","L2","RGap","H200",10,20.5,19,"control",3,1,445,5,45,31,31,36,84,68,86,165,174,249,NA,NA,216,NA,258,337,386,20,FALSE,FALSE,TRUE,TRUE,FALSE,"",-1.5,21.03,22.58,-1.3,0.7,2,0,0.25,2.98,2.73,2.18,3.08,7.03,3.95,7.48,11.23,3.75,NA,NA,NA,9.58,NA,NA,11.68,15.63,2.45,18.08,0.02,-0.01,0.0499999999999998,0.0600000000000001,-0.46,-0.61,0.16,0.77,-0.31,-0.23,0.0800000000000001,NA,NA,NA,-0.0800000000000001,NA,NA,-0.609999999999999,-0.0199999999999996,-0.0499999999999998,-0.0700000000000003,0,1.38274336283186,16.4823008849558,15.0995575221239,12.0575221238938,17.0353982300885,38.8827433628319,21.8473451327434,41.3716814159292,62.1128318584071,20.7411504424779,NA,NA,NA,52.9867256637168,NA,NA,64.6017699115044,86.4491150442478,13.5508849557522,100,31.7647603485372,53.2353266168247,507.567729470659,183,30.8887932101338
"2024-07-25_L2_RGap_H200_10pct_oxygen_t3min_evil_twins_pluck","CROP_2024-07-25_L2_RGap_H200_10pct_oxygen_t3min_evil_twins_pluck_1_2_Pos21_RGB.tif","2024-07-25","L2","RGap","H200",10,20.5,21,"control",3,1,445,5,45,17,16,22,68,63,95,144,169,239,NA,NA,200,NA,257,323,373,20,FALSE,FALSE,TRUE,TRUE,FALSE,"",-0.8,21.73,22.58,-0.6,1.4,2,-0.05,0.25,2.88,2.63,2.63,4.23,6.68,2.45,7.93,11.43,3.5,NA,NA,NA,9.48,NA,NA,12.33,15.63,2.5,18.13,-0.03,-0.01,-0.0500000000000003,-0.04,-0.0100000000000002,0.54,-0.19,-0.73,0.14,-0.0300000000000011,-0.17,NA,NA,NA,-0.18,NA,NA,0.0400000000000009,-0.0199999999999996,0,-0.0199999999999996,-0.275785990071704,1.37892995035852,15.8852730281302,14.5063430777716,14.5063430777716,23.3314947600662,36.8450082735797,13.5135135135135,43.7396580253723,63.0446773303916,19.3050193050193,NA,NA,NA,52.2890237175951,NA,NA,68.0088251516823,86.2107004964148,13.7892995035852,100,25.0199920063936,47,505.048512521322,173.046236595888,3.08475810717425
"2024-07-25_L2_RGap_H200_10pct_oxygen_t3min_evil_twins_pluck","CROP_2024-07-25_L2_RGap_H200_10pct_oxygen_t3min_evil_twins_pluck_1_2_Pos22_RGB.tif","2024-07-25","L2","RGap","H200",10,20.5,22,"evil_twins",3,1,445,5,45,20,30,25,74,59,91,163,178,252,NA,NA,213,NA,280,334,379,20,FALSE,FALSE,FALSE,TRUE,FALSE,"",-0.95,21.58,22.58,-0.75,1.25,2,0.5,0.25,3.03,2.78,2.28,3.88,7.48,3.6,8.23,11.93,3.7,NA,NA,NA,9.98,NA,NA,13.33,16.03,2.25,18.28,0.52,-0.01,0.0999999999999996,0.11,-0.36,0.19,0.61,0.42,0.44,0.469999999999999,0.0300000000000002,NA,NA,NA,0.32,NA,NA,1.04,0.380000000000001,-0.25,0.130000000000003,2.73522975929978,1.36761487964989,16.5754923413567,15.2078774617068,12.472647702407,21.2253829321663,40.9190371991247,19.6936542669584,45.0218818380744,65.2625820568928,20.2407002188184,NA,NA,NA,54.5951859956236,NA,NA,72.9212253829322,87.691466083151,12.308533916849,100,19.313207915828,43.8292140016223,468.778199151795,173.141560579775,17.9486398326983
"2024-07-25_L2_RGap_H200_10pct_oxygen_t3min_evil_twins_pluck","CROP_2024-07-25_L2_RGap_H200_10pct_oxygen_t3min_evil_twins_pluck_1_2_Pos23_RGB.tif","2024-07-25","L2","RGap","H200",10,20.5,23,"control",3,1,445,5,45,15,15,21,73,79,100,150,188,253,NA,NA,205,NA,251,325,373,20,FALSE,FALSE,TRUE,TRUE,FALSE,"",-0.7,21.83,22.58,-0.5,1.5,2,0,0.3,3.23,2.93,3.53,4.58,7.08,2.5,8.98,12.23,3.25,NA,NA,NA,9.83,NA,NA,12.13,15.83,2.4,18.23,0.02,0.04,0.3,0.26,0.89,0.89,0.21,-0.68,1.19,0.77,-0.42,NA,NA,NA,0.17,NA,NA,-0.159999999999998,0.18,-0.1,0.0800000000000018,0,1.64563905650027,17.7180471749863,16.072408118486,19.3636862314866,25.1234229292375,38.8370817334065,13.713658804169,49.2594624245749,67.0872188699945,17.8277564454196,NA,NA,NA,53.9221064179923,NA,NA,66.5386725178278,86.8348875479978,13.1651124520022,100,18,32.0156211871642,498.046182597558,179.805450417945,6.34019174590985
"2024-07-25_L2_RGap_H200_10pct_oxygen_t3min_evil_twins_pluck","CROP_2024-07-25_L2_RGap_H200_10pct_oxygen_t3min_evil_twins_pluck_1_2_Pos25_RGB.tif","2024-07-25","L2","RGap","H200",10,20.5,25,"evil_twins",3,1,445,5,45,30,42,37,86,64,98,167,181,259,NA,NA,217,NA,278,342,397,20,FALSE,FALSE,FALSE,TRUE,FALSE,"",-1.45,21.08,22.58,-1.25,0.75,2,0.6,0.35,3.13,2.78,2.03,3.73,7.18,3.45,7.88,11.78,3.9,NA,NA,NA,9.68,NA,NA,12.73,15.93,2.75,18.68,0.62,0.09,0.2,0.11,-0.61,0.04,0.31,0.27,0.0899999999999999,0.319999999999999,0.23,NA,NA,NA,0.0199999999999996,NA,NA,0.440000000000001,0.279999999999999,0.25,0.530000000000001,3.21199143468951,1.87366167023555,16.7558886509636,14.882226980728,10.8672376873662,19.9678800856531,38.4368308351178,18.4689507494647,42.1841541755889,63.0620985010707,20.8779443254818,NA,NA,NA,51.8201284796574,NA,NA,68.1477516059957,85.2783725910064,14.7216274089936,100,17.1172427686237,47.3814309619285,497.03118614429,183.002732220041,3.01845082130571
"2024-07-29_L2_RGap_H200_10pct_oxygen_t3min_evil_twins_pluck","CROP_2024-07-29_L2_RGap_H200_10pct_oxygen_t3min_evil_twins_pluck_1_2_Pos1_RGB.tif","2024-07-29","L2","RGap","H200",10,20.5,1,"control",3,1,524,-1,45,27,26,32,89,81,122,171,182,264,NA,NA,225,NA,289,348,416,20,FALSE,FALSE,TRUE,TRUE,FALSE,"",-1.3,25.18,26.53,-1.4,0.9,2.3,-0.05,0.25,3.43,3.18,3.03,5.08,7.53,2.45,8.08,12.18,4.1,NA,NA,NA,10.23,NA,NA,13.43,16.38,3.4,19.78,-0.03,0.05,0.16,0.11,-0.26,0.49,0.31,-0.17,0.29,0.16,-0.12,NA,NA,NA,0.0999999999999996,NA,NA,0.73,0.169999999999998,0.59,0.760000000000002,-0.252780586450961,1.2639029322548,17.3407482305359,16.0768452982811,15.3185035389282,25.6825075834176,38.0687563195147,12.3862487360971,40.8493427704752,61.577350859454,20.7280080889788,NA,NA,NA,51.7189079878665,NA,NA,67.896865520728,82.8109201213347,17.1890798786653,100,14.3178210632764,29.9666481275434,490.070403105513,187.267188797184,17.3632798759382
"2024-07-29_L2_RGap_H200_10pct_oxygen_t3min_evil_twins_pluck","CROP_2024-07-29_L2_RGap_H200_10pct_oxygen_t3min_evil_twins_pluck_1_2_Pos2_RGB.tif","2024-07-29","L2","RGap","H200",10,20.5,2,"evil_twins",3,1,524,-1,45,14,21,19,73,77,105,168,177,271,NA,NA,220,NA,265,348,414,20,FALSE,FALSE,FALSE,TRUE,FALSE,"",-0.65,25.83,26.53,-0.75,1.55,2.3,0.35,0.25,3.28,3.03,3.48,4.88,8.03,3.15,8.48,13.18,4.7,NA,NA,NA,10.63,NA,NA,12.88,17.03,3.3,20.33,0.37,0.05,0.00999999999999979,-0.04,0.19,0.29,0.81,0.53,0.69,1.16,0.48,NA,NA,NA,0.5,NA,NA,0.180000000000001,0.82,0.49,1.31,1.72159370388588,1.22970978848992,16.1337924249877,14.9040826364978,17.1175602557796,24.0039350713232,39.4982784062961,15.4943433349729,41.711756025578,64.8303000491884,23.1185440236104,NA,NA,NA,52.2872602065913,NA,NA,63.3546483030005,83.7678307919331,16.2321692080669,100,24.0208242989286,43.1045241245046,477.514397688698,178.101094887145,6.95029685692618
"2024-07-29_L2_RGap_H200_10pct_oxygen_t3min_evil_twins_pluck","CROP_2024-07-29_L2_RGap_H200_10pct_oxygen_t3min_evil_twins_pluck_1_2_Pos4_RGB.tif","2024-07-29","L2","RGap","H200",10,20.5,4,"evil_twins",3,1,524,-1,45,32,46,38,114,99,146,183,202,281,NA,NA,239,NA,293,365,446,20,FALSE,FALSE,FALSE,TRUE,FALSE,"Folding during plucking.",-1.55,24.93,26.53,-1.65,0.65,2.3,1.03,0.3,4.43,4.13,3.68,6.03,7.88,1.85,8.83,12.78,3.95,NA,NA,NA,10.68,NA,NA,13.38,16.98,4.05,21.03,1.05,0.1,1.16,1.06,0.39,1.44,0.66,-0.77,1.04,0.76,-0.27,NA,NA,NA,0.549999999999999,NA,NA,0.680000000000001,0.77,1.24,2.01,4.89776509747979,1.4265335235378,21.0651450309082,19.6386115073704,17.4988112220637,28.6733238231098,37.470280551593,8.79695672848312,41.9876367094627,60.7703281027104,18.7826913932477,NA,NA,NA,50.7845934379458,NA,NA,63.623395149786,80.7417974322397,19.2582025677603,100,17.0293863659264,40.2616442783948,479.551874149189,170.188131196038,0.617417760574604
"2024-07-29_L2_RGap_H200_10pct_oxygen_t3min_evil_twins_pluck","CROP_2024-07-29_L2_RGap_H200_10pct_oxygen_t3min_evil_twins_pluck_1_2_Pos5_RGB.tif","2024-07-29","L2","RGap","H200",10,20.5,5,"evil_twins",3,1,524,-1,45,5,6,10,85,94,109,166,183,263,NA,NA,218,NA,283,341,415,20,FALSE,FALSE,TRUE,TRUE,FALSE,"",-0.2,26.28,26.53,-0.3,2,2.3,0.05,0.25,4.33,4.08,4.78,5.53,8.38,2.85,9.23,13.23,4,NA,NA,NA,10.98,NA,NA,14.23,17.13,3.7,20.83,0.07,0.05,1.06,1.01,1.49,0.94,1.16,0.23,1.44,1.21,-0.22,NA,NA,NA,0.85,NA,NA,1.53,0.919999999999998,0.89,1.81,0.240038406144983,1.20019203072492,20.7873259721555,19.5871339414306,22.9476716274604,26.5482477196351,40.2304368698992,13.682189150264,44.3110897743639,63.5141622659626,19.2030724915987,NA,NA,NA,52.7124339894383,NA,NA,68.3149303888622,82.2371579452712,17.7628420547288,100,16.1554944214035,19.723082923316,477.026204730935,176.045448677323,21.2008467906242
"2024-07-29_L2_RGap_H200_10pct_oxygen_t3min_evil_twins_pluck","CROP_2024-07-29_L2_RGap_H200_10pct_oxygen_t3min_evil_twins_pluck_1_2_Pos6_RGB.tif","2024-07-29","L2","RGap","H200",10,20.5,6,"evil_twins",3,1,524,-1,45,25,38,28,96,93,113,191,187,272,NA,NA,233,NA,274,358,423,20,FALSE,FALSE,FALSE,TRUE,FALSE,"",-1.2,25.28,26.53,-1.3,1,2.3,0.65,0.15,3.88,3.73,3.73,4.73,8.63,3.9,8.43,12.68,4.25,NA,NA,NA,10.73,NA,NA,12.78,16.98,3.25,20.23,0.67,-0.05,0.61,0.66,0.44,0.140000000000001,1.41,1.28,0.64,0.66,0.0300000000000002,NA,NA,NA,0.6,NA,NA,0.0800000000000001,0.77,0.44,1.21,3.21304992585269,0.74147305981216,19.1794364804745,18.4379634206624,18.4379634206624,23.3811171527435,42.6594167078596,19.2782995551162,41.6707859614434,62.6791893227879,21.0084033613445,NA,NA,NA,53.0400395452299,NA,NA,63.173504695996,83.9347503707365,16.0652496292635,100,21.540659228538,45.8802789878178,502.244960153907,175.931804969994,15.284846065077
"2024-07-29_L2_RGap_H200_10pct_oxygen_t3min_evil_twins_pluck","CROP_2024-07-29_L2_RGap_H200_10pct_oxygen_t3min_evil_twins_pluck_1_2_Pos7_RGB.tif","2024-07-29","L2","RGap","H200",10,20.5,7,"control",3,1,524,-1,45,23,21,27,81,74,104,154,160,250,NA,NA,214,NA,263,334,393,20,FALSE,FALSE,TRUE,TRUE,FALSE,"",-1.1,25.38,26.53,-1.2,1.1,2.3,-0.1,0.2,3.23,3.03,2.88,4.38,6.88,2.5,7.18,11.68,4.5,NA,NA,NA,9.88,NA,NA,12.33,15.88,2.95,18.83,-0.08,0,-0.04,-0.04,-0.41,-0.21,-0.34,-0.12,-0.61,-0.34,0.28,NA,NA,NA,-0.25,NA,NA,-0.369999999999999,-0.33,0.14,-0.190000000000001,-0.531067445565587,1.06213489113117,17.1534784917685,16.0913436006373,15.2947424322889,23.2607541157727,36.5374402549124,13.2766861391397,38.1306425916091,62.0286776420606,23.8980350504514,NA,NA,NA,52.46946362188,NA,NA,65.4806160382369,84.3335103558152,15.6664896441848,100,18.4390889145858,54.744862772684,490.102030193714,176.920886274063,11.3596683812441
"2024-07-29_L2_RGap_H200_10pct_oxygen_t3min_evil_twins_pluck","CROP_2024-07-29_L2_RGap_H200_10pct_oxygen_t3min_evil_twins_pluck_1_2_Pos8_RGB.tif","2024-07-29","L2","RGap","H200",10,20.5,8,"evil_twins",3,1,524,-1,45,26,39,30,107,96,119,174,190,263,NA,NA,232,NA,283,352,432,20,FALSE,FALSE,FALSE,TRUE,FALSE,"",-1.25,25.23,26.53,-1.35,0.95,2.3,0.65,0.2,4.38,4.18,3.83,4.98,7.73,2.75,8.53,12.18,3.65,NA,NA,NA,10.63,NA,NA,13.18,16.63,4,20.63,0.67,0,1.11,1.11,0.54,0.390000000000001,0.510000000000001,0.13,0.739999999999999,0.16,-0.57,NA,NA,NA,0.5,NA,NA,0.48,0.419999999999998,1.19,1.61,3.15075133301018,0.969461948618517,21.2312166747455,20.261754726127,18.5651963160446,24.1396025206011,37.4697043141057,13.3301017935046,41.3475521085797,59.0402326708677,17.6926805622879,NA,NA,NA,51.5269025690742,NA,NA,63.8875424139603,80.6107610276297,19.3892389723703,100,21.3775583264319,44.9110231457712,520.127868893794,181.796589626978,15.9687536196953
"2024-07-29_L2_RGap_H200_10pct_oxygen_t3min_evil_twins_pluck","CROP_2024-07-29_L2_RGap_H200_10pct_oxygen_t3min_evil_twins_pluck_1_2_Pos9_RGB.tif","2024-07-29","L2","RGap","H200",10,20.5,9,"control",3,1,524,-1,45,20,21,24,88,83,108,162,176,258,NA,NA,223,NA,273,348,395,20,FALSE,FALSE,TRUE,TRUE,FALSE,"",-0.95,25.53,26.53,-1.05,1.25,2.3,0.05,0.2,3.73,3.53,3.48,4.73,7.43,2.7,8.13,12.23,4.1,NA,NA,NA,10.48,NA,NA,12.98,16.73,2.35,19.08,0.07,0,0.46,0.46,0.19,0.140000000000001,0.21,0.0800000000000001,0.340000000000001,0.210000000000001,-0.12,NA,NA,NA,0.35,NA,NA,0.280000000000001,0.52,-0.46,0.0599999999999987,0.262054507337526,1.04821802935011,19.5492662473795,18.5010482180294,18.2389937106918,24.79035639413,38.9412997903564,14.1509433962264,42.6100628930818,64.0985324947589,21.4884696016771,NA,NA,NA,54.9266247379455,NA,NA,68.0293501048218,87.6834381551363,12.3165618448637,100,15.2643375224737,38.0788655293195,480.037498535271,182.274518241031,30.8913423007785
"2024-07-29_L2_RGap_H200_10pct_oxygen_t3min_evil_twins_pluck","CROP_2024-07-29_L2_RGap_H200_10pct_oxygen_t3min_evil_twins_pluck_1_2_Pos10_RGB.tif","2024-07-29","L2","RGap","H200",10,20.5,10,"evil_twins",3,1,524,-1,45,22,35,26,82,92,103,210,182,262,NA,NA,229,NA,270,354,418,20,FALSE,FALSE,FALSE,TRUE,FALSE,"",-1.05,25.43,26.53,-1.15,1.15,2.3,0.65,0.2,3.33,3.13,3.83,4.38,9.73,5.35,8.33,12.33,4,NA,NA,NA,10.68,NA,NA,12.73,16.93,3.2,20.13,0.67,0,0.0600000000000001,0.0600000000000001,0.54,-0.21,2.51,2.73,0.54,0.31,-0.22,NA,NA,NA,0.549999999999999,NA,NA,0.0300000000000011,0.719999999999999,0.39,1.11,3.22901142573274,0.993541977148535,16.5424739195231,15.5489319423746,19.0263288623944,21.7585692995529,48.3358171882762,26.5772478887233,41.3810233482365,61.2518628912072,19.8708395429707,NA,NA,NA,53.0551415797317,NA,NA,63.2389468455042,84.1033283656235,15.8966716343766,100,27.0185121722126,53.084837759948,521.693396546286,177.552809045647,6.73880836915539
"2024-07-29_L2_RGap_H200_10pct_oxygen_t3min_evil_twins_pluck","CROP_2024-07-29_L2_RGap_H200_10pct_oxygen_t3min_evil_twins_pluck_1_2_Pos11_RGB.tif","2024-07-29","L2","RGap","H200",10,20.5,11,"evil_twins",3,1,524,-1,45,36,46,40,116,101,141,187,193,287,NA,NA,243,NA,284,364,436,20,FALSE,FALSE,FALSE,TRUE,FALSE,"Folding during plucking.",-1.75,24.73,26.53,-1.85,0.45,2.3,0.83,0.2,4.33,4.13,3.58,5.58,7.88,2.3,8.18,12.88,4.7,NA,NA,NA,10.68,NA,NA,12.73,16.73,3.6,20.33,0.85,0,1.06,1.06,0.29,0.99,0.66,-0.32,0.39,0.860000000000001,0.48,NA,NA,NA,0.549999999999999,NA,NA,0.0300000000000011,0.52,0.79,1.31,4.08263649778652,0.983767830791933,21.2985735366454,20.3148057058534,17.6094441711756,27.4471224790949,38.7604525332022,11.3133300541072,40.2361042793901,63.3546483030005,23.1185440236104,NA,NA,NA,52.5332021642892,NA,NA,62.6168224299065,82.2921790457452,17.7078209542548,100,17.0293863659264,45.0998891351187,501.022953566002,184.783657286027,0.295474912090866
"2024-07-29_L2_RGap_H200_10pct_oxygen_t3min_evil_twins_pluck","CROP_2024-07-29_L2_RGap_H200_10pct_oxygen_t3min_evil_twins_pluck_1_2_Pos12_RGB.tif","2024-07-29","L2","RGap","H200",10,20.5,12,"evil_twins",3,1,524,-1,45,33,45,39,116,93,137,185,194,279,NA,NA,242,NA,287,371,486,20,FALSE,FALSE,FALSE,TRUE,FALSE,"Folding during plucking.",-1.6,24.88,26.53,-1.7,0.6,2.3,0.6,0.3,4.48,4.18,3.33,5.53,7.93,2.4,8.38,12.63,4.25,NA,NA,NA,10.78,NA,NA,13.03,17.23,5.75,22.98,0.62,0.1,1.21,1.11,0.04,0.94,0.71,-0.22,0.590000000000001,0.610000000000001,0.0300000000000002,NA,NA,NA,0.649999999999999,NA,NA,0.33,1.02,2.94,3.96,2.61096605744125,1.30548302872063,19.4952132288947,18.1897302001741,14.490861618799,24.0644038294169,34.5082680591819,10.443864229765,36.4664926022628,54.9608355091384,18.4943429068755,NA,NA,NA,46.9103568320278,NA,NA,56.7014795474325,74.9782419495213,25.0217580504787,100,18.0277563773199,50.4876222454574,508.251906046598,180.177690072883,1.37583500366362
"2024-07-29_L2_RGap_H200_10pct_oxygen_t3min_evil_twins_pluck","CROP_2024-07-29_L2_RGap_H200_10pct_oxygen_t3min_evil_twins_pluck_1_2_Pos13_RGB.tif","2024-07-29","L2","RGap","H200",10,20.5,13,"control",3,1,524,-1,45,20,19,24,81,89,110,161,172,253,NA,NA,219,NA,267,340,397,20,FALSE,FALSE,TRUE,TRUE,FALSE,"",-0.95,25.53,26.53,-1.05,1.25,2.3,-0.05,0.2,3.38,3.18,3.78,4.83,7.38,2.55,7.93,11.98,4.05,NA,NA,NA,10.28,NA,NA,12.68,16.33,2.85,19.18,-0.03,0,0.11,0.11,0.49,0.24,0.16,-0.0700000000000003,0.14,-0.0399999999999991,-0.17,NA,NA,NA,0.149999999999999,NA,NA,-0.0199999999999996,0.119999999999997,0.04,0.16,-0.260688216892596,1.04275286757039,17.6225234619395,16.5797705943691,19.7080291970803,25.1824817518248,38.4775808133472,13.2950990615224,41.3451511991658,62.4608967674661,21.1157455683003,NA,NA,NA,53.5974973931178,NA,NA,66.1105318039625,85.140771637122,14.859228362878,100,18.2482875908947,40.0499687890016,486,179.337670331696,9.46232220802561
"2024-07-29_L2_RGap_H200_10pct_oxygen_t3min_evil_twins_pluck","CROP_2024-07-29_L2_RGap_H200_10pct_oxygen_t3min_evil_twins_pluck_1_2_Pos14_RGB.tif","2024-07-29","L2","RGap","H200",10,20.5,14,"evil_twins",3,1,524,-1,45,27,45,32,76,74,125,175,184,263,NA,NA,231,NA,288,355,411,20,FALSE,FALSE,FALSE,TRUE,FALSE,"Folding during plucking.",-1.3,25.18,26.53,-1.4,0.9,2.3,0.9,0.25,2.78,2.53,2.68,5.23,7.73,2.5,8.18,12.13,3.95,NA,NA,NA,10.53,NA,NA,13.38,16.73,2.8,19.53,0.92,0.05,-0.49,-0.54,-0.61,0.640000000000001,0.510000000000001,-0.12,0.39,0.110000000000001,-0.27,NA,NA,NA,0.399999999999999,NA,NA,0.680000000000001,0.52,-0.0100000000000002,0.510000000000002,4.60829493087558,1.28008192524322,14.2345110087046,12.9544290834613,13.7224782386073,26.7793138760881,39.5801331285202,12.8008192524322,41.884280593958,62.1095750128008,20.2252944188428,NA,NA,NA,53.9170506912442,NA,NA,68.5099846390169,85.663082437276,14.336917562724,100,18.0277563773199,40.6078810084939,486.121384018436,179.136819219277,0.712646115291747
"2024-07-29_L2_RGap_H200_10pct_oxygen_t3min_evil_twins_pluck","CROP_2024-07-29_L2_RGap_H200_10pct_oxygen_t3min_evil_twins_pluck_1_2_Pos15_RGB.tif","2024-07-29","L2","RGap","H200",10,20.5,15,"evil_twins",3,1,524,-1,45,20,30,24,87,80,114,177,169,260,NA,NA,227,NA,270,347,402,20,FALSE,FALSE,FALSE,TRUE,FALSE,"",-0.95,25.53,26.53,-1.05,1.25,2.3,0.5,0.2,3.68,3.48,3.33,5.03,8.18,3.15,7.78,12.33,4.55,NA,NA,NA,10.68,NA,NA,12.83,16.68,2.75,19.43,0.52,0,0.41,0.41,0.04,0.44,0.96,0.53,-0.00999999999999979,0.31,0.33,NA,NA,NA,0.549999999999999,NA,NA,0.130000000000001,0.469999999999999,-0.0600000000000001,0.41,2.57334019557385,1.02933607822954,18.9397838394236,17.910447761194,17.1384457025219,25.887802367473,42.0998455995883,16.2120432321153,40.0411734431292,63.4585692228513,23.4173957797221,NA,NA,NA,54.9665465774575,NA,NA,66.0319094184251,85.8466289243438,14.1533710756562,100,24.1867732448956,58.1807528311554,472.451055666087,174.977141364237,11.6167342512701
"2024-07-29_L2_RGap_H200_10pct_oxygen_t3min_evil_twins_pluck","CROP_2024-07-29_L2_RGap_H200_10pct_oxygen_t3min_evil_twins_pluck_1_2_Pos16_RGB.tif","2024-07-29","L2","RGap","H200",10,20.5,16,"evil_twins",3,1,524,-1,45,30,45,34,105,80,125,180,190,279,NA,NA,231,NA,281,360,421,20,FALSE,FALSE,FALSE,TRUE,FALSE,"Folding during plucking.",-1.45,25.03,26.53,-1.55,0.75,2.3,0.75,0.2,4.08,3.88,2.83,5.08,7.83,2.75,8.33,12.78,4.45,NA,NA,NA,10.38,NA,NA,12.88,16.83,3.05,19.88,0.77,0,0.81,0.81,-0.46,0.49,0.61,0.13,0.54,0.76,0.23,NA,NA,NA,0.25,NA,NA,0.180000000000001,0.619999999999997,0.24,0.859999999999999,3.77263581488934,1.00603621730382,20.523138832998,19.5171026156942,14.2354124748491,25.5533199195171,39.3863179074447,13.8329979879276,41.9014084507042,64.2857142857143,22.3843058350101,NA,NA,NA,52.2132796780684,NA,NA,64.7887323943662,84.6579476861167,15.3420523138833,100,19.0262975904404,35,469.706291207601,174.522204890954,1.87241506393374
"2024-07-29_L2_RGap_H200_10pct_oxygen_t3min_evil_twins_pluck","CROP_2024-07-29_L2_RGap_H200_10pct_oxygen_t3min_evil_twins_pluck_1_2_Pos17_RGB.tif","2024-07-29","L2","RGap","H200",10,20.5,17,"control",3,1,524,-1,45,24,25,28,77,84,113,159,169,250,NA,NA,218,NA,257,338,398,20,FALSE,FALSE,TRUE,TRUE,FALSE,"",-1.15,25.33,26.53,-1.25,1.05,2.3,0.05,0.2,2.98,2.78,3.33,4.78,7.08,2.3,7.58,11.63,4.05,NA,NA,NA,10.03,NA,NA,11.98,16.03,3,19.03,0.07,0,-0.29,-0.29,0.04,0.19,-0.14,-0.32,-0.21,-0.389999999999999,-0.17,NA,NA,NA,-0.100000000000001,NA,NA,-0.719999999999999,-0.18,0.19,0.0100000000000016,0.262743037309511,1.05097214923805,15.6594850236469,14.6085128744088,17.4986862848135,25.1182343667893,37.2044140830268,12.0861797162375,39.8318444561219,61.1140304781923,21.2821860220704,NA,NA,NA,52.706253284288,NA,NA,62.9532317393589,84.2354177614293,15.7645822385707,100,20.8806130178211,38.8973006775534,488.065569365429,179.025137899682,15.760053288258
"2024-07-29_L2_RGap_H200_10pct_oxygen_t3min_evil_twins_pluck","CROP_2024-07-29_L2_RGap_H200_10pct_oxygen_t3min_evil_twins_pluck_1_2_Pos18_RGB.tif","2024-07-29","L2","RGap","H200",10,20.5,18,"evil_twins",3,1,524,-1,45,19,29,24,75,83,117,165,179,259,NA,NA,230,NA,281,345,432,20,FALSE,FALSE,FALSE,TRUE,FALSE,"",-0.9,25.58,26.53,-1,1.3,2.3,0.5,0.25,3.13,2.88,3.53,5.23,7.63,2.4,8.33,12.33,4,NA,NA,NA,10.88,NA,NA,13.43,16.63,4.35,20.98,0.52,0.05,-0.14,-0.19,0.24,0.640000000000001,0.41,-0.22,0.54,0.31,-0.22,NA,NA,NA,0.75,NA,NA,0.73,0.419999999999998,1.54,1.96,2.38322211630124,1.19161105815062,14.9189704480458,13.7273593898951,16.8255481410867,24.928503336511,36.3679694947569,11.4394661582459,39.7044804575786,58.7702573879886,19.0657769304099,NA,NA,NA,51.858913250715,NA,NA,64.0133460438513,79.2659675881792,20.7340324118208,100,19.4164878389476,47.5184174820669,487.496666655271,176.113599702011,2.11908006770877
"2024-07-29_L2_RGap_H200_10pct_oxygen_t3min_evil_twins_pluck","CROP_2024-07-29_L2_RGap_H200_10pct_oxygen_t3min_evil_twins_pluck_1_2_Pos19_RGB.tif","2024-07-29","L2","RGap","H200",10,20.5,19,"control",3,1,524,-1,45,15,15,19,81,81,94,153,161,258,NA,NA,213,NA,272,337,388,20,FALSE,FALSE,TRUE,TRUE,FALSE,"",-0.7,25.78,26.53,-0.8,1.5,2.3,0,0.2,3.63,3.43,3.63,4.28,7.23,2.95,7.63,12.48,4.85,NA,NA,NA,10.23,NA,NA,13.18,16.43,2.55,18.98,0.02,0,0.36,0.36,0.34,-0.31,0.0100000000000007,0.33,-0.16,0.460000000000001,0.63,NA,NA,NA,0.0999999999999996,NA,NA,0.48,0.219999999999999,-0.26,-0.0399999999999991,0,1.05374077976818,19.1253951527924,18.0716543730242,19.1253951527924,22.550052687039,38.0927291886196,15.5426765015806,40.200210748156,65.7534246575342,25.5532139093783,NA,NA,NA,53.8988408851422,NA,NA,69.4415173867229,86.5648050579557,13.4351949420443,100,23.43074902772,56.0357029044876,498.094368568849,180.80099557248,36.0067996175236
"2024-07-29_L2_RGap_H200_10pct_oxygen_t3min_evil_twins_pluck","CROP_2024-07-29_L2_RGap_H200_10pct_oxygen_t3min_evil_twins_pluck_1_2_Pos20_RGB.tif","2024-07-29","L2","RGap","H200",10,20.5,20,"evil_twins",3,1,524,-1,45,20,33,25,80,71,117,169,184,262,NA,NA,231,NA,285,352,418,20,FALSE,FALSE,FALSE,TRUE,FALSE,"",-0.95,25.53,26.53,-1.05,1.25,2.3,0.65,0.25,3.33,3.08,2.88,5.18,7.78,2.6,8.53,12.43,3.9,NA,NA,NA,10.88,NA,NA,13.58,16.93,3.3,20.23,0.67,0.05,0.0600000000000001,0.0100000000000002,-0.41,0.59,0.56,-0.02,0.739999999999999,0.41,-0.32,NA,NA,NA,0.75,NA,NA,0.880000000000001,0.719999999999999,0.49,1.21,3.21304992585269,1.23578843302027,16.46070192783,15.2249134948097,14.2362827483935,25.6055363321799,38.4577360355907,12.8521997034108,42.1651013346515,61.4434008897677,19.2782995551162,NA,NA,NA,53.781512605042,NA,NA,67.1280276816609,83.6875926841325,16.3124073158675,100,20.0997512422418,50.1597448159378,503.099393758331,180.335797888273,6.84952420549489
"2024-07-29_L2_RGap_H200_10pct_oxygen_t3min_evil_twins_pluck","CROP_2024-07-29_L2_RGap_H200_10pct_oxygen_t3min_evil_twins_pluck_1_2_Pos21_RGB.tif","2024-07-29","L2","RGap","H200",10,20.5,21,"evil_twins",3,1,524,-1,45,22,33,26,78,88,112,172,178,264,NA,NA,227,NA,285,348,406,20,FALSE,FALSE,FALSE,TRUE,FALSE,"",-1.05,25.43,26.53,-1.15,1.15,2.3,0.55,0.2,3.13,2.93,3.63,4.83,7.83,3,8.13,12.43,4.3,NA,NA,NA,10.58,NA,NA,13.48,16.63,2.9,19.53,0.57,0,-0.14,-0.14,0.34,0.24,0.61,0.38,0.340000000000001,0.41,0.0800000000000001,NA,NA,NA,0.449999999999999,NA,NA,0.780000000000001,0.419999999999998,0.0899999999999999,0.510000000000002,2.81618023553507,1.02406554019457,16.0266257040451,15.0025601638505,18.5867895545315,24.7311827956989,40.0921658986175,15.3609831029186,41.6282642089094,63.6456733230927,22.0174091141833,NA,NA,NA,54.1730670762929,NA,NA,69.0220174091142,85.1510496671787,14.8489503328213,100,25.9615099714943,53.7587202228625,494.145727493419,177.011299074381,17.0337731097566
"2024-07-29_L2_RGap_H200_10pct_oxygen_t3min_evil_twins_pluck","CROP_2024-07-29_L2_RGap_H200_10pct_oxygen_t3min_evil_twins_pluck_1_2_Pos23_RGB.tif","2024-07-29","L2","RGap","H200",10,20.5,23,"evil_twins",3,1,524,-1,45,25,38,28,78,82,107,176,181,277,NA,NA,228,NA,283,349,430,20,FALSE,FALSE,FALSE,TRUE,FALSE,"",-1.2,25.28,26.53,-1.3,1,2.3,0.65,0.15,2.98,2.83,3.18,4.43,7.88,3.45,8.13,12.93,4.8,NA,NA,NA,10.48,NA,NA,13.23,16.53,4.05,20.58,0.67,-0.05,-0.29,-0.24,-0.11,-0.16,0.66,0.83,0.340000000000001,0.91,0.58,NA,NA,NA,0.35,NA,NA,0.530000000000001,0.32,1.24,1.56,3.15840621963071,0.728862973760933,14.4800777453839,13.7512147716229,15.4518950437318,21.5257531584062,38.2896015549077,16.7638483965015,39.5043731778426,62.8279883381924,23.3236151603499,NA,NA,NA,50.9232264334305,NA,NA,64.2857142857143,80.3206997084548,19.6793002915452,100,30.0665927567458,49.254441424099,502.143405811527,180.224859550507,2.44471539338305
"2024-07-29_L2_RGap_H200_10pct_oxygen_t3min_evil_twins_pluck","CROP_2024-07-29_L2_RGap_H200_10pct_oxygen_t3min_evil_twins_pluck_1_2_Pos25_RGB.tif","2024-07-29","L2","RGap","H200",10,20.5,25,"control",3,1,524,-1,45,28,27,31,71,80,103,161,182,260,NA,NA,217,NA,268,335,386,20,FALSE,FALSE,TRUE,TRUE,FALSE,"",-1.35,25.13,26.53,-1.45,0.85,2.3,-0.05,0.15,2.48,2.33,2.93,4.08,6.98,2.9,8.03,11.93,3.9,NA,NA,NA,9.78,NA,NA,12.33,15.68,2.55,18.23,-0.03,-0.05,-0.79,-0.74,-0.36,-0.51,-0.239999999999999,0.28,0.239999999999999,-0.0899999999999999,-0.32,NA,NA,NA,-0.350000000000001,NA,NA,-0.369999999999999,-0.530000000000001,-0.26,-0.789999999999999,-0.274273176083379,0.822819528250137,13.6039495337356,12.7811300054855,16.072408118486,22.3806911684037,38.2885353812397,15.907844212836,44.0482720789907,65.4415798134942,21.3933077345036,NA,NA,NA,53.6478332419089,NA,NA,67.6357652221613,86.0120680197477,13.9879319802523,100,22.1359436211787,32.7566787083184,500.164972783981,182.463695019037,5.26002221567095
"2024-08-01_L2_RGap_H200_10pct_oxygen_t3min_evil_twins_pluck","CROP_2024-08-01_L2_RGap_H200_10pct_oxygen_t3min_evil_twins_pluck_1_2_Pos1_RGB.tif","2024-08-01","L2","RGap","H200",10,20.5,1,"evil_twins",3,1,491,-2,47,15,23,20,NA,NA,NA,174,NA,NA,NA,NA,NA,NA,NA,NA,378,15,FALSE,FALSE,FALSE,TRUE,FALSE,"",-0.7,24.05,24.8,-0.85,1.6,2.45,0.4,0.25,NA,NA,NA,NA,8.2,NA,NA,NA,NA,NA,NA,NA,NA,NA,NA,NA,NA,NA,18.4,0.41,-0.01,NA,NA,NA,NA,1.07,NA,NA,NA,NA,NA,NA,NA,NA,NA,NA,NA,NA,NA,0.0299999999999976,2.17391304347826,1.35869565217391,NA,NA,NA,NA,44.5652173913043,NA,NA,NA,NA,NA,NA,NA,NA,NA,NA,NA,NA,NA,100,25.298221281347,62.6258732474047,NA,NA,NA
"2024-08-01_L2_RGap_H200_10pct_oxygen_t3min_evil_twins_pluck","CROP_2024-08-01_L2_RGap_H200_10pct_oxygen_t3min_evil_twins_pluck_1_2_Pos3_RGB.tif","2024-08-01","L2","RGap","H200",10,20.5,3,"evil_twins",3,1,491,-2,47,16,27,21,NA,NA,NA,167,NA,NA,NA,NA,NA,NA,NA,NA,386,15,FALSE,FALSE,FALSE,TRUE,FALSE,"",-0.75,24,24.8,-0.9,1.55,2.45,0.55,0.25,NA,NA,NA,NA,7.8,NA,NA,NA,NA,NA,NA,NA,NA,NA,NA,NA,NA,NA,18.75,0.56,-0.01,NA,NA,NA,NA,0.67,NA,NA,NA,NA,NA,NA,NA,NA,NA,NA,NA,NA,NA,0.379999999999999,2.93333333333333,1.33333333333333,NA,NA,NA,NA,41.6,NA,NA,NA,NA,NA,NA,NA,NA,NA,NA,NA,NA,NA,100,16.1245154965971,44.5533388198909,NA,NA,NA
"2024-08-01_L2_RGap_H200_10pct_oxygen_t3min_evil_twins_pluck","CROP_2024-08-01_L2_RGap_H200_10pct_oxygen_t3min_evil_twins_pluck_1_2_Pos4_RGB.tif","2024-08-01","L2","RGap","H200",10,20.5,4,"control",3,1,491,-2,47,22,21,28,NA,NA,NA,151,NA,NA,NA,NA,NA,NA,NA,NA,381,15,FALSE,FALSE,TRUE,TRUE,FALSE,"",-1.05,23.7,24.8,-1.2,1.25,2.45,-0.05,0.3,NA,NA,NA,NA,6.7,NA,NA,NA,NA,NA,NA,NA,NA,NA,NA,NA,NA,NA,18.2,-0.04,0.04,NA,NA,NA,NA,-0.43,NA,NA,NA,NA,NA,NA,NA,NA,NA,NA,NA,NA,NA,-0.170000000000002,-0.274725274725275,1.64835164835165,NA,NA,NA,NA,36.8131868131868,NA,NA,NA,NA,NA,NA,NA,NA,NA,NA,NA,NA,NA,100,13.6014705087354,27.6586333718787,NA,NA,NA
"2024-08-01_L2_RGap_H200_10pct_oxygen_t3min_evil_twins_pluck","CROP_2024-08-01_L2_RGap_H200_10pct_oxygen_t3min_evil_twins_pluck_1_2_Pos5_RGB.tif","2024-08-01","L2","RGap","H200",10,20.5,5,"evil_twins",3,1,491,-2,47,25,37,30,NA,NA,NA,174,NA,NA,NA,NA,NA,NA,NA,NA,397,15,FALSE,FALSE,FALSE,TRUE,FALSE,"",-1.2,23.55,24.8,-1.35,1.1,2.45,0.6,0.25,NA,NA,NA,NA,7.7,NA,NA,NA,NA,NA,NA,NA,NA,NA,NA,NA,NA,NA,18.85,0.61,-0.01,NA,NA,NA,NA,0.57,NA,NA,NA,NA,NA,NA,NA,NA,NA,NA,NA,NA,NA,0.48,3.18302387267904,1.3262599469496,NA,NA,NA,NA,40.8488063660477,NA,NA,NA,NA,NA,NA,NA,NA,NA,NA,NA,NA,NA,100,27.0739727413618,44.0454310910905,NA,NA,NA
"2024-08-01_L2_RGap_H200_10pct_oxygen_t3min_evil_twins_pluck","CROP_2024-08-01_L2_RGap_H200_10pct_oxygen_t3min_evil_twins_pluck_1_2_Pos6_RGB.tif","2024-08-01","L2","RGap","H200",10,20.5,6,"evil_twins",3,1,491,-2,47,26,41,31,NA,NA,NA,176,NA,NA,NA,NA,NA,NA,NA,NA,441,15,FALSE,FALSE,FALSE,TRUE,FALSE,"",-1.25,23.5,24.8,-1.4,1.05,2.45,0.75,0.25,NA,NA,NA,NA,7.75,NA,NA,NA,NA,NA,NA,NA,NA,NA,NA,NA,NA,NA,21,0.76,-0.01,NA,NA,NA,NA,0.62,NA,NA,NA,NA,NA,NA,NA,NA,NA,NA,NA,NA,NA,2.63,3.57142857142857,1.19047619047619,NA,NA,NA,NA,36.9047619047619,NA,NA,NA,NA,NA,NA,NA,NA,NA,NA,NA,NA,NA,100,25.0798724079689,51,NA,NA,NA
"2024-08-01_L2_RGap_H200_10pct_oxygen_t3min_evil_twins_pluck","CROP_2024-08-01_L2_RGap_H200_10pct_oxygen_t3min_evil_twins_pluck_1_2_Pos7_RGB.tif","2024-08-01","L2","RGap","H200",10,20.5,7,"evil_twins",3,1,491,-2,47,15,22,20,NA,NA,NA,163,NA,NA,NA,NA,NA,NA,NA,NA,388,15,FALSE,FALSE,FALSE,TRUE,FALSE,"",-0.7,24.05,24.8,-0.85,1.6,2.45,0.35,0.25,NA,NA,NA,NA,7.65,NA,NA,NA,NA,NA,NA,NA,NA,NA,NA,NA,NA,NA,18.9,0.36,-0.01,NA,NA,NA,NA,0.52,NA,NA,NA,NA,NA,NA,NA,NA,NA,NA,NA,NA,NA,0.529999999999998,1.85185185185185,1.32275132275132,NA,NA,NA,NA,40.4761904761905,NA,NA,NA,NA,NA,NA,NA,NA,NA,NA,NA,NA,NA,100,19.6468827043885,44.0113621693308,NA,NA,NA
"2024-08-01_L2_RGap_H200_10pct_oxygen_t3min_evil_twins_pluck","CROP_2024-08-01_L2_RGap_H200_10pct_oxygen_t3min_evil_twins_pluck_1_2_Pos8_RGB.tif","2024-08-01","L2","RGap","H200",10,20.5,8,"control",3,1,491,-2,47,11,11,17,NA,NA,NA,154,NA,NA,NA,NA,NA,NA,NA,NA,377,15,FALSE,FALSE,TRUE,TRUE,FALSE,"",-0.5,24.25,24.8,-0.65,1.8,2.45,0,0.3,NA,NA,NA,NA,7.4,NA,NA,NA,NA,NA,NA,NA,NA,NA,NA,NA,NA,NA,18.55,0.01,0.04,NA,NA,NA,NA,0.27,NA,NA,NA,NA,NA,NA,NA,NA,NA,NA,NA,NA,NA,0.18,0,1.61725067385445,NA,NA,NA,NA,39.8921832884097,NA,NA,NA,NA,NA,NA,NA,NA,NA,NA,NA,NA,NA,100,20.0249843945008,37.0135110466435,NA,NA,NA
"2024-08-01_L2_RGap_H200_10pct_oxygen_t3min_evil_twins_pluck","CROP_2024-08-01_L2_RGap_H200_10pct_oxygen_t3min_evil_twins_pluck_1_2_Pos9_RGB.tif","2024-08-01","L2","RGap","H200",10,20.5,9,"evil_twins",3,1,491,-2,47,14,20,20,NA,NA,NA,160,NA,NA,NA,NA,NA,NA,NA,NA,389,15,FALSE,FALSE,FALSE,TRUE,FALSE,"",-0.65,24.1,24.8,-0.8,1.65,2.45,0.3,0.3,NA,NA,NA,NA,7.55,NA,NA,NA,NA,NA,NA,NA,NA,NA,NA,NA,NA,NA,19,0.31,0.04,NA,NA,NA,NA,0.42,NA,NA,NA,NA,NA,NA,NA,NA,NA,NA,NA,NA,NA,0.629999999999999,1.57894736842105,1.57894736842105,NA,NA,NA,NA,39.7368421052632,NA,NA,NA,NA,NA,NA,NA,NA,NA,NA,NA,NA,NA,100,24.0831891575846,25.9615099714943,NA,NA,NA
"2024-08-01_L2_RGap_H200_10pct_oxygen_t3min_evil_twins_pluck","CROP_2024-08-01_L2_RGap_H200_10pct_oxygen_t3min_evil_twins_pluck_1_2_Pos10_RGB.tif","2024-08-01","L2","RGap","H200",10,20.5,10,"evil_twins",3,1,491,-2,47,18,25,22,NA,NA,NA,163,NA,NA,NA,NA,NA,NA,NA,NA,381,15,FALSE,FALSE,FALSE,TRUE,FALSE,"",-0.85,23.9,24.8,-1,1.45,2.45,0.35,0.2,NA,NA,NA,NA,7.5,NA,NA,NA,NA,NA,NA,NA,NA,NA,NA,NA,NA,NA,18.4,0.36,-0.06,NA,NA,NA,NA,0.37,NA,NA,NA,NA,NA,NA,NA,NA,NA,NA,NA,NA,NA,0.0299999999999976,1.90217391304348,1.08695652173913,NA,NA,NA,NA,40.7608695652174,NA,NA,NA,NA,NA,NA,NA,NA,NA,NA,NA,NA,NA,100,29.0688837074973,64.1248781675256,NA,NA,NA
"2024-08-01_L2_RGap_H200_10pct_oxygen_t3min_evil_twins_pluck","CROP_2024-08-01_L2_RGap_H200_10pct_oxygen_t3min_evil_twins_pluck_1_2_Pos11_RGB.tif","2024-08-01","L2","RGap","H200",10,20.5,11,"evil_twins",3,1,491,-2,47,21,36,26,NA,NA,NA,166,NA,NA,NA,NA,NA,NA,NA,NA,395,15,FALSE,FALSE,FALSE,TRUE,FALSE,"",-1,23.75,24.8,-1.15,1.3,2.45,0.75,0.25,NA,NA,NA,NA,7.5,NA,NA,NA,NA,NA,NA,NA,NA,NA,NA,NA,NA,NA,18.95,0.76,-0.01,NA,NA,NA,NA,0.37,NA,NA,NA,NA,NA,NA,NA,NA,NA,NA,NA,NA,NA,0.579999999999998,3.95778364116095,1.31926121372032,NA,NA,NA,NA,39.5778364116095,NA,NA,NA,NA,NA,NA,NA,NA,NA,NA,NA,NA,NA,100,24,44.5533388198909,NA,NA,NA
"2024-08-01_L2_RGap_H200_10pct_oxygen_t3min_evil_twins_pluck","CROP_2024-08-01_L2_RGap_H200_10pct_oxygen_t3min_evil_twins_pluck_1_2_Pos12_RGB.tif","2024-08-01","L2","RGap","H200",10,20.5,12,"control",3,1,491,-2,47,13,12,17,NA,NA,NA,150,NA,NA,NA,NA,NA,NA,NA,NA,367,15,FALSE,FALSE,TRUE,TRUE,FALSE,"",-0.6,24.15,24.8,-0.75,1.7,2.45,-0.05,0.2,NA,NA,NA,NA,7.1,NA,NA,NA,NA,NA,NA,NA,NA,NA,NA,NA,NA,NA,17.95,-0.04,-0.06,NA,NA,NA,NA,-0.0300000000000002,NA,NA,NA,NA,NA,NA,NA,NA,NA,NA,NA,NA,NA,-0.420000000000002,-0.278551532033426,1.11420612813371,NA,NA,NA,NA,39.5543175487465,NA,NA,NA,NA,NA,NA,NA,NA,NA,NA,NA,NA,NA,100,17,34.3656805548792,NA,NA,NA
"2024-08-01_L2_RGap_H200_10pct_oxygen_t3min_evil_twins_pluck","CROP_2024-08-01_L2_RGap_H200_10pct_oxygen_t3min_evil_twins_pluck_1_2_Pos14_RGB.tif","2024-08-01","L2","RGap","H200",10,20.5,14,"control",3,1,491,-2,47,11,10,15,NA,NA,NA,152,NA,NA,NA,NA,NA,NA,NA,NA,370,15,FALSE,FALSE,TRUE,TRUE,FALSE,"",-0.5,24.25,24.8,-0.65,1.8,2.45,-0.05,0.2,NA,NA,NA,NA,7.3,NA,NA,NA,NA,NA,NA,NA,NA,NA,NA,NA,NA,NA,18.2,-0.04,-0.06,NA,NA,NA,NA,0.17,NA,NA,NA,NA,NA,NA,NA,NA,NA,NA,NA,NA,NA,-0.170000000000002,-0.274725274725275,1.0989010989011,NA,NA,NA,NA,40.1098901098901,NA,NA,NA,NA,NA,NA,NA,NA,NA,NA,NA,NA,NA,100,27.0739727413618,42.2965719651132,NA,NA,NA
"2024-08-01_L2_RGap_H200_10pct_oxygen_t3min_evil_twins_pluck","CROP_2024-08-01_L2_RGap_H200_10pct_oxygen_t3min_evil_twins_pluck_1_2_Pos15_RGB.tif","2024-08-01","L2","RGap","H200",10,20.5,15,"evil_twins",3,1,491,-2,47,17,29,23,NA,NA,NA,164,NA,NA,NA,NA,NA,NA,NA,NA,431,15,FALSE,FALSE,FALSE,TRUE,FALSE,"",-0.8,23.95,24.8,-0.95,1.5,2.45,0.6,0.3,NA,NA,NA,NA,7.6,NA,NA,NA,NA,NA,NA,NA,NA,NA,NA,NA,NA,NA,20.95,0.61,0.04,NA,NA,NA,NA,0.47,NA,NA,NA,NA,NA,NA,NA,NA,NA,NA,NA,NA,NA,2.58,2.86396181384248,1.43198090692124,NA,NA,NA,NA,36.2768496420048,NA,NA,NA,NA,NA,NA,NA,NA,NA,NA,NA,NA,NA,100,17.0293863659264,38.8329756778952,NA,NA,NA
"2024-08-01_L2_RGap_H200_10pct_oxygen_t3min_evil_twins_pluck","CROP_2024-08-01_L2_RGap_H200_10pct_oxygen_t3min_evil_twins_pluck_1_2_Pos16_RGB.tif","2024-08-01","L2","RGap","H200",10,20.5,16,"evil_twins",3,1,491,-2,47,16,27,21,NA,NA,NA,166,NA,NA,NA,NA,NA,NA,NA,NA,427,15,FALSE,FALSE,FALSE,TRUE,FALSE,"",-0.75,24,24.8,-0.9,1.55,2.45,0.55,0.25,NA,NA,NA,NA,7.75,NA,NA,NA,NA,NA,NA,NA,NA,NA,NA,NA,NA,NA,20.8,0.56,-0.01,NA,NA,NA,NA,0.62,NA,NA,NA,NA,NA,NA,NA,NA,NA,NA,NA,NA,NA,2.43,2.64423076923077,1.20192307692308,NA,NA,NA,NA,37.2596153846154,NA,NA,NA,NA,NA,NA,NA,NA,NA,NA,NA,NA,NA,100,24.3310501211929,42.9534631898291,NA,NA,NA
"2024-08-01_L2_RGap_H200_10pct_oxygen_t3min_evil_twins_pluck","CROP_2024-08-01_L2_RGap_H200_10pct_oxygen_t3min_evil_twins_pluck_1_2_Pos17_RGB.tif","2024-08-01","L2","RGap","H200",10,20.5,17,"evil_twins",3,1,491,-2,47,20,38,26,NA,NA,NA,166,NA,NA,NA,NA,NA,NA,NA,NA,382,15,FALSE,FALSE,FALSE,TRUE,FALSE,"",-0.95,23.8,24.8,-1.1,1.35,2.45,0.9,0.3,NA,NA,NA,NA,7.55,NA,NA,NA,NA,NA,NA,NA,NA,NA,NA,NA,NA,NA,18.35,0.91,0.04,NA,NA,NA,NA,0.42,NA,NA,NA,NA,NA,NA,NA,NA,NA,NA,NA,NA,NA,-0.0199999999999996,4.90463215258856,1.63487738419619,NA,NA,NA,NA,41.1444141689373,NA,NA,NA,NA,NA,NA,NA,NA,NA,NA,NA,NA,NA,100,29.0172362570938,41.4366987102013,NA,NA,NA
"2024-08-01_L2_RGap_H200_10pct_oxygen_t3min_evil_twins_pluck","CROP_2024-08-01_L2_RGap_H200_10pct_oxygen_t3min_evil_twins_pluck_1_2_Pos18_RGB.tif","2024-08-01","L2","RGap","H200",10,20.5,18,"control",3,1,491,-2,47,12,13,17,NA,NA,NA,150,NA,NA,NA,NA,NA,NA,NA,NA,377,15,FALSE,FALSE,TRUE,TRUE,FALSE,"Embryo tilted.",-0.55,24.2,24.8,-0.7,1.75,2.45,0.05,0.25,NA,NA,NA,NA,7.15,NA,NA,NA,NA,NA,NA,NA,NA,NA,NA,NA,NA,NA,18.5,0.06,-0.01,NA,NA,NA,NA,0.0200000000000005,NA,NA,NA,NA,NA,NA,NA,NA,NA,NA,NA,NA,NA,0.129999999999999,0.27027027027027,1.35135135135135,NA,NA,NA,NA,38.6486486486486,NA,NA,NA,NA,NA,NA,NA,NA,NA,NA,NA,NA,NA,100,NA,NA,NA,NA,NA
"2024-08-01_L2_RGap_H200_10pct_oxygen_t3min_evil_twins_pluck","CROP_2024-08-01_L2_RGap_H200_10pct_oxygen_t3min_evil_twins_pluck_1_2_Pos19_RGB.tif","2024-08-01","L2","RGap","H200",10,20.5,19,"evil_twins",3,1,491,-2,47,20,31,26,NA,NA,NA,166,NA,NA,NA,NA,NA,NA,NA,NA,446,15,FALSE,FALSE,FALSE,TRUE,FALSE,"",-0.95,23.8,24.8,-1.1,1.35,2.45,0.55,0.3,NA,NA,NA,NA,7.55,NA,NA,NA,NA,NA,NA,NA,NA,NA,NA,NA,NA,NA,21.55,0.56,0.04,NA,NA,NA,NA,0.42,NA,NA,NA,NA,NA,NA,NA,NA,NA,NA,NA,NA,NA,3.18,2.55220417633411,1.39211136890951,NA,NA,NA,NA,35.0348027842227,NA,NA,NA,NA,NA,NA,NA,NA,NA,NA,NA,NA,NA,100,25.0199920063936,48.0104155366312,NA,NA,NA
"2024-08-01_L2_RGap_H200_10pct_oxygen_t3min_evil_twins_pluck","CROP_2024-08-01_L2_RGap_H200_10pct_oxygen_t3min_evil_twins_pluck_1_2_Pos21_RGB.tif","2024-08-01","L2","RGap","H200",10,20.5,21,"evil_twins",3,1,491,-2,47,12,28,19,NA,NA,NA,167,NA,NA,NA,NA,NA,NA,NA,NA,381,15,FALSE,FALSE,FALSE,TRUE,FALSE,"",-0.55,24.2,24.8,-0.7,1.75,2.45,0.8,0.35,NA,NA,NA,NA,8,NA,NA,NA,NA,NA,NA,NA,NA,NA,NA,NA,NA,NA,18.7,0.81,0.09,NA,NA,NA,NA,0.87,NA,NA,NA,NA,NA,NA,NA,NA,NA,NA,NA,NA,NA,0.329999999999998,4.27807486631016,1.8716577540107,NA,NA,NA,NA,42.7807486631016,NA,NA,NA,NA,NA,NA,NA,NA,NA,NA,NA,NA,NA,100,26.0768096208106,52.8866712887094,NA,NA,NA
"2024-08-01_L2_RGap_H200_10pct_oxygen_t3min_evil_twins_pluck","CROP_2024-08-01_L2_RGap_H200_10pct_oxygen_t3min_evil_twins_pluck_1_2_Pos22_RGB.tif","2024-08-01","L2","RGap","H200",10,20.5,22,"control",3,1,491,-2,47,13,13,19,NA,NA,NA,149,NA,NA,NA,NA,NA,NA,NA,NA,377,15,FALSE,FALSE,TRUE,TRUE,FALSE,"",-0.6,24.15,24.8,-0.75,1.7,2.45,0,0.3,NA,NA,NA,NA,7.05,NA,NA,NA,NA,NA,NA,NA,NA,NA,NA,NA,NA,NA,18.45,0.01,0.04,NA,NA,NA,NA,-0.0800000000000001,NA,NA,NA,NA,NA,NA,NA,NA,NA,NA,NA,NA,NA,0.0799999999999983,0,1.6260162601626,NA,NA,NA,NA,38.2113821138211,NA,NA,NA,NA,NA,NA,NA,NA,NA,NA,NA,NA,NA,100,20.0997512422418,47.169905660283,NA,NA,NA
"2024-08-01_L2_RGap_H200_10pct_oxygen_t3min_evil_twins_pluck","CROP_2024-08-01_L2_RGap_H200_10pct_oxygen_t3min_evil_twins_pluck_1_2_Pos24_RGB.tif","2024-08-01","L2","RGap","H200",10,20.5,24,"control",3,1,491,-2,47,21,22,27,NA,NA,NA,160,NA,NA,NA,NA,NA,NA,NA,NA,391,15,FALSE,FALSE,TRUE,TRUE,FALSE,"",-1,23.75,24.8,-1.15,1.3,2.45,0.05,0.3,NA,NA,NA,NA,7.2,NA,NA,NA,NA,NA,NA,NA,NA,NA,NA,NA,NA,NA,18.75,0.06,0.04,NA,NA,NA,NA,0.0700000000000003,NA,NA,NA,NA,NA,NA,NA,NA,NA,NA,NA,NA,NA,0.379999999999999,0.266666666666667,1.6,NA,NA,NA,NA,38.4,NA,NA,NA,NA,NA,NA,NA,NA,NA,NA,NA,NA,NA,100,19.2093727122985,21.2602916254693,NA,NA,NA
"2024-08-05_L2_RGap_H200_10pct_oxygen_t3min_evil_twins_pluck","CROP_2024-08-05_L2_RGap_H200_10pct_oxygen_t3min_evil_twins_pluck_1_2_Pos1_RGB.tif","2024-08-05","L2","RGap","H200",10,20.6,1,"control",3,1,515,3,55,30,29,35,NA,NA,NA,179,NA,NA,NA,NA,NA,NA,NA,NA,419,16,FALSE,FALSE,TRUE,TRUE,FALSE,"",-1.45,24.52,26.02,-1.35,1.25,2.6,-0.05,0.25,NA,NA,NA,NA,7.72,NA,NA,NA,NA,NA,NA,NA,NA,NA,NA,NA,NA,NA,19.72,-0.04,-0.03,NA,NA,NA,NA,-0.2,NA,NA,NA,NA,NA,NA,NA,NA,NA,NA,NA,NA,NA,-0.370000000000001,-0.253549695740365,1.26774847870183,NA,NA,NA,NA,39.1480730223124,NA,NA,NA,NA,NA,NA,NA,NA,NA,NA,NA,NA,NA,100,48.3838816136118,49.335585534176,NA,NA,NA
"2024-08-05_L2_RGap_H200_10pct_oxygen_t3min_evil_twins_pluck","CROP_2024-08-05_L2_RGap_H200_10pct_oxygen_t3min_evil_twins_pluck_1_2_Pos2_RGB.tif","2024-08-05","L2","RGap","H200",10,20.6,2,"evil_twins",3,1,515,3,55,32,50,38,NA,NA,NA,196,NA,NA,NA,NA,NA,NA,NA,NA,439,16,FALSE,FALSE,FALSE,TRUE,FALSE,"",-1.55,24.42,26.02,-1.45,1.15,2.6,0.9,0.3,NA,NA,NA,NA,8.47,NA,NA,NA,NA,NA,NA,NA,NA,NA,NA,NA,NA,NA,20.62,0.91,0.02,NA,NA,NA,NA,0.550000000000001,NA,NA,NA,NA,NA,NA,NA,NA,NA,NA,NA,NA,NA,0.530000000000001,4.364694471387,1.454898157129,NA,NA,NA,NA,41.0766246362755,NA,NA,NA,NA,NA,NA,NA,NA,NA,NA,NA,NA,NA,100,23.3452350598575,41.5932686861708,NA,NA,NA
"2024-08-05_L2_RGap_H200_10pct_oxygen_t3min_evil_twins_pluck","CROP_2024-08-05_L2_RGap_H200_10pct_oxygen_t3min_evil_twins_pluck_1_2_Pos3_RGB.tif","2024-08-05","L2","RGap","H200",10,20.6,3,"evil_twins",3,1,515,3,55,27,39,34,NA,NA,NA,200,NA,NA,NA,NA,NA,NA,NA,NA,444,16,FALSE,FALSE,FALSE,TRUE,FALSE,"",-1.3,24.67,26.02,-1.2,1.4,2.6,0.6,0.35,NA,NA,NA,NA,8.92,NA,NA,NA,NA,NA,NA,NA,NA,NA,NA,NA,NA,NA,21.12,0.61,0.07,NA,NA,NA,NA,1,NA,NA,NA,NA,NA,NA,NA,NA,NA,NA,NA,NA,NA,1.03,2.84090909090909,1.65719696969697,NA,NA,NA,NA,42.2348484848485,NA,NA,NA,NA,NA,NA,NA,NA,NA,NA,NA,NA,NA,100,31.3209195267317,46.690470119715,NA,NA,NA
"2024-08-05_L2_RGap_H200_10pct_oxygen_t3min_evil_twins_pluck","CROP_2024-08-05_L2_RGap_H200_10pct_oxygen_t3min_evil_twins_pluck_1_2_Pos4_RGB.tif","2024-08-05","L2","RGap","H200",10,20.6,4,"control",3,1,515,3,55,28,27,33,NA,NA,NA,176,NA,NA,NA,NA,NA,NA,NA,NA,451,16,FALSE,FALSE,TRUE,TRUE,FALSE,"Hatching frame is not clear because embryo moved.",-1.35,24.62,26.02,-1.25,1.35,2.6,-0.05,0.25,NA,NA,NA,NA,7.67,NA,NA,NA,NA,NA,NA,NA,NA,NA,NA,NA,NA,NA,21.42,-0.04,-0.03,NA,NA,NA,NA,-0.25,NA,NA,NA,NA,NA,NA,NA,NA,NA,NA,NA,NA,NA,1.33,-0.233426704014939,1.1671335200747,NA,NA,NA,NA,35.8076563958917,NA,NA,NA,NA,NA,NA,NA,NA,NA,NA,NA,NA,NA,100,18.0277563773199,45.0998891351187,NA,NA,NA
"2024-08-05_L2_RGap_H200_10pct_oxygen_t3min_evil_twins_pluck","CROP_2024-08-05_L2_RGap_H200_10pct_oxygen_t3min_evil_twins_pluck_1_2_Pos5_RGB.tif","2024-08-05","L2","RGap","H200",10,20.6,5,"evil_twins",3,1,515,3,55,28,49,35,NA,NA,NA,193,NA,NA,NA,NA,NA,NA,NA,NA,430,16,FALSE,FALSE,FALSE,TRUE,FALSE,"",-1.35,24.62,26.02,-1.25,1.35,2.6,1.05,0.35,NA,NA,NA,NA,8.52,NA,NA,NA,NA,NA,NA,NA,NA,NA,NA,NA,NA,NA,20.37,1.06,0.07,NA,NA,NA,NA,0.6,NA,NA,NA,NA,NA,NA,NA,NA,NA,NA,NA,NA,NA,0.280000000000001,5.15463917525773,1.71821305841924,NA,NA,NA,NA,41.8262150220913,NA,NA,NA,NA,NA,NA,NA,NA,NA,NA,NA,NA,NA,100,18.3575597506858,28.6356421265527,NA,NA,NA
"2024-08-05_L2_RGap_H200_10pct_oxygen_t3min_evil_twins_pluck","CROP_2024-08-05_L2_RGap_H200_10pct_oxygen_t3min_evil_twins_pluck_1_2_Pos7_RGB.tif","2024-08-05","L2","RGap","H200",10,20.6,7,"evil_twins",3,1,515,3,55,21,30,27,NA,NA,NA,186,NA,NA,NA,NA,NA,NA,NA,NA,429,16,FALSE,FALSE,TRUE,TRUE,FALSE,"CF delayed but almost forming normally.",-1,24.97,26.02,-0.9,1.7,2.6,0.45,0.3,NA,NA,NA,NA,8.52,NA,NA,NA,NA,NA,NA,NA,NA,NA,NA,NA,NA,NA,20.67,0.46,0.02,NA,NA,NA,NA,0.6,NA,NA,NA,NA,NA,NA,NA,NA,NA,NA,NA,NA,NA,0.580000000000002,2.17706821480406,1.45137880986938,NA,NA,NA,NA,41.2191582002903,NA,NA,NA,NA,NA,NA,NA,NA,NA,NA,NA,NA,NA,100,25.1793566240283,47.7598157450382,NA,NA,NA
"2024-08-05_L2_RGap_H200_10pct_oxygen_t3min_evil_twins_pluck","CROP_2024-08-05_L2_RGap_H200_10pct_oxygen_t3min_evil_twins_pluck_1_2_Pos8_RGB.tif","2024-08-05","L2","RGap","H200",10,20.6,8,"control",3,1,515,3,55,23,21,29,NA,NA,NA,183,NA,NA,NA,NA,NA,NA,NA,NA,431,16,FALSE,FALSE,TRUE,TRUE,FALSE,"",-1.1,24.87,26.02,-1,1.6,2.6,-0.1,0.3,NA,NA,NA,NA,8.27,NA,NA,NA,NA,NA,NA,NA,NA,NA,NA,NA,NA,NA,20.67,-0.09,0.02,NA,NA,NA,NA,0.35,NA,NA,NA,NA,NA,NA,NA,NA,NA,NA,NA,NA,NA,0.580000000000002,-0.483792936623125,1.45137880986938,NA,NA,NA,NA,40.0096758587325,NA,NA,NA,NA,NA,NA,NA,NA,NA,NA,NA,NA,NA,100,40.2243707222375,33.2866339541865,NA,NA,NA
"2024-08-05_L2_RGap_H200_10pct_oxygen_t3min_evil_twins_pluck","CROP_2024-08-05_L2_RGap_H200_10pct_oxygen_t3min_evil_twins_pluck_1_2_Pos9_RGB.tif","2024-08-05","L2","RGap","H200",10,20.6,9,"evil_twins",3,1,515,3,55,25,36,31,NA,NA,NA,197,NA,NA,NA,NA,NA,NA,NA,NA,443,16,FALSE,FALSE,TRUE,TRUE,FALSE,"CF delayed but almost forming normally.",-1.2,24.77,26.02,-1.1,1.5,2.6,0.55,0.3,NA,NA,NA,NA,8.87,NA,NA,NA,NA,NA,NA,NA,NA,NA,NA,NA,NA,NA,21.17,0.56,0.02,NA,NA,NA,NA,0.949999999999999,NA,NA,NA,NA,NA,NA,NA,NA,NA,NA,NA,NA,NA,1.08,2.59801606046292,1.41709966934341,NA,NA,NA,NA,41.8989135569202,NA,NA,NA,NA,NA,NA,NA,NA,NA,NA,NA,NA,NA,100,24.1867732448956,45.2216762183801,NA,NA,NA
"2024-08-05_L2_RGap_H200_10pct_oxygen_t3min_evil_twins_pluck","CROP_2024-08-05_L2_RGap_H200_10pct_oxygen_t3min_evil_twins_pluck_1_2_Pos10_RGB.tif","2024-08-05","L2","RGap","H200",10,20.6,10,"evil_twins",3,1,515,3,55,21,28,27,NA,NA,NA,195,NA,NA,NA,NA,NA,NA,NA,NA,432,16,FALSE,FALSE,TRUE,TRUE,FALSE,"CF delayed but almost forming normally.",-1,24.97,26.02,-0.9,1.7,2.6,0.35,0.3,NA,NA,NA,NA,8.97,NA,NA,NA,NA,NA,NA,NA,NA,NA,NA,NA,NA,NA,20.82,0.36,0.02,NA,NA,NA,NA,1.05,NA,NA,NA,NA,NA,NA,NA,NA,NA,NA,NA,NA,NA,0.73,1.68107588856868,1.44092219020173,NA,NA,NA,NA,43.0835734870317,NA,NA,NA,NA,NA,NA,NA,NA,NA,NA,NA,NA,NA,100,26.9258240356725,41.7612260356422,NA,NA,NA
"2024-08-05_L2_RGap_H200_10pct_oxygen_t3min_evil_twins_pluck","CROP_2024-08-05_L2_RGap_H200_10pct_oxygen_t3min_evil_twins_pluck_1_2_Pos11_RGB.tif","2024-08-05","L2","RGap","H200",10,20.6,11,"control",3,1,515,3,55,23,23,27,NA,NA,NA,173,NA,NA,NA,NA,NA,NA,NA,NA,407,16,FALSE,FALSE,TRUE,TRUE,FALSE,"",-1.1,24.87,26.02,-1,1.6,2.6,0,0.2,NA,NA,NA,NA,7.77,NA,NA,NA,NA,NA,NA,NA,NA,NA,NA,NA,NA,NA,19.47,0.01,-0.08,NA,NA,NA,NA,-0.15,NA,NA,NA,NA,NA,NA,NA,NA,NA,NA,NA,NA,NA,-0.620000000000001,0,1.02722136620442,NA,NA,NA,NA,39.9075500770416,NA,NA,NA,NA,NA,NA,NA,NA,NA,NA,NA,NA,NA,100,34,40.0499687890016,NA,NA,NA
"2024-08-05_L2_RGap_H200_10pct_oxygen_t3min_evil_twins_pluck","CROP_2024-08-05_L2_RGap_H200_10pct_oxygen_t3min_evil_twins_pluck_1_2_Pos12_RGB.tif","2024-08-05","L2","RGap","H200",10,20.6,12,"evil_twins",3,1,515,3,55,23,38,29,NA,NA,NA,192,NA,NA,NA,NA,NA,NA,NA,NA,437,16,FALSE,FALSE,FALSE,TRUE,FALSE,"",-1.1,24.87,26.02,-1,1.6,2.6,0.75,0.3,NA,NA,NA,NA,8.72,NA,NA,NA,NA,NA,NA,NA,NA,NA,NA,NA,NA,NA,20.97,0.76,0.02,NA,NA,NA,NA,0.800000000000001,NA,NA,NA,NA,NA,NA,NA,NA,NA,NA,NA,NA,NA,0.879999999999999,3.57653791130186,1.43061516452074,NA,NA,NA,NA,41.583214115403,NA,NA,NA,NA,NA,NA,NA,NA,NA,NA,NA,NA,NA,100,22.8035085019828,52.3450093132096,NA,NA,NA
"2024-08-05_L2_RGap_H200_10pct_oxygen_t3min_evil_twins_pluck","CROP_2024-08-05_L2_RGap_H200_10pct_oxygen_t3min_evil_twins_pluck_1_2_Pos13_RGB.tif","2024-08-05","L2","RGap","H200",10,20.6,13,"evil_twins",3,1,515,3,55,32,49,40,NA,NA,NA,196,NA,NA,NA,NA,NA,NA,NA,NA,451,16,FALSE,FALSE,FALSE,TRUE,FALSE,"",-1.55,24.42,26.02,-1.45,1.15,2.6,0.85,0.4,NA,NA,NA,NA,8.47,NA,NA,NA,NA,NA,NA,NA,NA,NA,NA,NA,NA,NA,21.22,0.86,0.12,NA,NA,NA,NA,0.550000000000001,NA,NA,NA,NA,NA,NA,NA,NA,NA,NA,NA,NA,NA,1.13,4.00565504241282,1.88501413760603,NA,NA,NA,NA,39.9151743638077,NA,NA,NA,NA,NA,NA,NA,NA,NA,NA,NA,NA,NA,100,28.4429253066558,36.3455636907725,NA,NA,NA
"2024-08-05_L2_RGap_H200_10pct_oxygen_t3min_evil_twins_pluck","CROP_2024-08-05_L2_RGap_H200_10pct_oxygen_t3min_evil_twins_pluck_1_2_Pos14_RGB.tif","2024-08-05","L2","RGap","H200",10,20.6,14,"control",3,1,515,3,55,17,18,24,NA,NA,NA,173,NA,NA,NA,NA,NA,NA,NA,NA,405,16,FALSE,FALSE,TRUE,TRUE,FALSE,"",-0.8,25.17,26.02,-0.7,1.9,2.6,0.05,0.35,NA,NA,NA,NA,8.07,NA,NA,NA,NA,NA,NA,NA,NA,NA,NA,NA,NA,NA,19.67,0.06,0.07,NA,NA,NA,NA,0.15,NA,NA,NA,NA,NA,NA,NA,NA,NA,NA,NA,NA,NA,-0.419999999999998,0.25419420437214,1.77935943060498,NA,NA,NA,NA,41.0269445856634,NA,NA,NA,NA,NA,NA,NA,NA,NA,NA,NA,NA,NA,100,17.0293863659264,36.0555127546399,NA,NA,NA
"2024-08-05_L2_RGap_H200_10pct_oxygen_t3min_evil_twins_pluck","CROP_2024-08-05_L2_RGap_H200_10pct_oxygen_t3min_evil_twins_pluck_1_2_Pos15_RGB.tif","2024-08-05","L2","RGap","H200",10,20.6,15,"evil_twins",3,1,515,3,55,36,56,42,NA,NA,NA,192,NA,NA,NA,NA,NA,NA,NA,NA,442,16,FALSE,FALSE,FALSE,TRUE,FALSE,"Folding frame was estimated.",-1.75,24.22,26.02,-1.65,0.95,2.6,1.27,0.3,NA,NA,NA,NA,8.07,NA,NA,NA,NA,NA,NA,NA,NA,NA,NA,NA,NA,NA,20.57,1.28,0.02,NA,NA,NA,NA,0.15,NA,NA,NA,NA,NA,NA,NA,NA,NA,NA,NA,NA,NA,0.48,6.17403986387944,1.45843461351483,NA,NA,NA,NA,39.2318911035489,NA,NA,NA,NA,NA,NA,NA,NA,NA,NA,NA,NA,NA,100,33.2415402771893,53.7587202228625,NA,NA,NA
"2024-08-05_L2_RGap_H200_10pct_oxygen_t3min_evil_twins_pluck","CROP_2024-08-05_L2_RGap_H200_10pct_oxygen_t3min_evil_twins_pluck_1_2_Pos16_RGB.tif","2024-08-05","L2","RGap","H200",10,20.6,16,"control",3,1,515,3,55,7,9,14,NA,NA,NA,162,NA,NA,NA,NA,NA,NA,NA,NA,409,16,FALSE,FALSE,TRUE,TRUE,FALSE,"",-0.3,25.67,26.02,-0.2,2.4,2.6,0.1,0.35,NA,NA,NA,NA,8.02,NA,NA,NA,NA,NA,NA,NA,NA,NA,NA,NA,NA,NA,20.37,0.11,0.07,NA,NA,NA,NA,0.0999999999999996,NA,NA,NA,NA,NA,NA,NA,NA,NA,NA,NA,NA,NA,0.280000000000001,0.490918016691213,1.71821305841924,NA,NA,NA,NA,39.3716249386352,NA,NA,NA,NA,NA,NA,NA,NA,NA,NA,NA,NA,NA,100,38.1182371050918,51.7880295048962,NA,NA,NA
"2024-08-05_L2_RGap_H200_10pct_oxygen_t3min_evil_twins_pluck","CROP_2024-08-05_L2_RGap_H200_10pct_oxygen_t3min_evil_twins_pluck_1_2_Pos17_RGB.tif","2024-08-05","L2","RGap","H200",10,20.6,17,"evil_twins",3,1,515,3,55,27,39,32,NA,NA,NA,190,NA,NA,NA,NA,NA,NA,NA,NA,429,16,FALSE,FALSE,FALSE,TRUE,FALSE,"",-1.3,24.67,26.02,-1.2,1.4,2.6,0.6,0.25,NA,NA,NA,NA,8.42,NA,NA,NA,NA,NA,NA,NA,NA,NA,NA,NA,NA,NA,20.37,0.61,-0.03,NA,NA,NA,NA,0.5,NA,NA,NA,NA,NA,NA,NA,NA,NA,NA,NA,NA,NA,0.280000000000001,2.94550810014728,1.22729504172803,NA,NA,NA,NA,41.3352970054001,NA,NA,NA,NA,NA,NA,NA,NA,NA,NA,NA,NA,NA,100,27.8567765543682,49.4772675074119,NA,NA,NA
"2024-08-05_L2_RGap_H200_10pct_oxygen_t3min_evil_twins_pluck","CROP_2024-08-05_L2_RGap_H200_10pct_oxygen_t3min_evil_twins_pluck_1_2_Pos18_RGB.tif","2024-08-05","L2","RGap","H200",10,20.6,18,"control",3,1,515,3,55,31,32,37,NA,NA,NA,185,NA,NA,NA,NA,NA,NA,NA,NA,413,16,FALSE,FALSE,TRUE,TRUE,FALSE,"",-1.5,24.47,26.02,-1.4,1.2,2.6,0.05,0.3,NA,NA,NA,NA,7.97,NA,NA,NA,NA,NA,NA,NA,NA,NA,NA,NA,NA,NA,19.37,0.06,0.02,NA,NA,NA,NA,0.0499999999999998,NA,NA,NA,NA,NA,NA,NA,NA,NA,NA,NA,NA,NA,-0.719999999999999,0.258131130614352,1.54878678368611,NA,NA,NA,NA,41.1461022199277,NA,NA,NA,NA,NA,NA,NA,NA,NA,NA,NA,NA,NA,100,19.0262975904404,29.732137494637,NA,NA,NA
"2024-08-05_L2_RGap_H200_10pct_oxygen_t3min_evil_twins_pluck","CROP_2024-08-05_L2_RGap_H200_10pct_oxygen_t3min_evil_twins_pluck_1_2_Pos19_RGB.tif","2024-08-05","L2","RGap","H200",10,20.6,19,"evil_twins",3,1,515,3,55,27,42,33,NA,NA,NA,229,NA,NA,NA,NA,NA,NA,NA,NA,431,16,FALSE,FALSE,FALSE,TRUE,FALSE,"",-1.3,24.67,26.02,-1.2,1.4,2.6,0.75,0.3,NA,NA,NA,NA,10.37,NA,NA,NA,NA,NA,NA,NA,NA,NA,NA,NA,NA,NA,20.47,0.76,0.02,NA,NA,NA,NA,2.45,NA,NA,NA,NA,NA,NA,NA,NA,NA,NA,NA,NA,NA,0.379999999999999,3.66389838788471,1.46555935515388,NA,NA,NA,NA,50.6595017098192,NA,NA,NA,NA,NA,NA,NA,NA,NA,NA,NA,NA,NA,100,41.0487515035476,55.3263047744922,NA,NA,NA
"2024-08-05_L2_RGap_H200_10pct_oxygen_t3min_evil_twins_pluck","CROP_2024-08-05_L2_RGap_H200_10pct_oxygen_t3min_evil_twins_pluck_1_2_Pos20_RGB.tif","2024-08-05","L2","RGap","H200",10,20.6,20,"evil_twins",3,1,515,3,55,26,35,33,NA,NA,NA,183,NA,NA,NA,NA,NA,NA,NA,NA,472,16,FALSE,FALSE,TRUE,TRUE,FALSE,"",-1.25,24.72,26.02,-1.15,1.45,2.6,0.45,0.35,NA,NA,NA,NA,8.12,NA,NA,NA,NA,NA,NA,NA,NA,NA,NA,NA,NA,NA,22.57,0.46,0.07,NA,NA,NA,NA,0.199999999999999,NA,NA,NA,NA,NA,NA,NA,NA,NA,NA,NA,NA,NA,2.48,1.99379707576429,1.55073105892778,NA,NA,NA,NA,35.9769605671245,NA,NA,NA,NA,NA,NA,NA,NA,NA,NA,NA,NA,NA,100,20.6155281280883,58.2408791142441,NA,NA,NA
"2024-08-05_L2_RGap_H200_10pct_oxygen_t3min_evil_twins_pluck","CROP_2024-08-05_L2_RGap_H200_10pct_oxygen_t3min_evil_twins_pluck_1_2_Pos21_RGB.tif","2024-08-05","L2","RGap","H200",10,20.6,21,"evil_twins",3,1,515,3,55,33,49,40,NA,NA,NA,190,NA,NA,NA,NA,NA,NA,NA,NA,437,16,FALSE,FALSE,FALSE,TRUE,FALSE,"",-1.6,24.37,26.02,-1.5,1.1,2.6,0.8,0.35,NA,NA,NA,NA,8.12,NA,NA,NA,NA,NA,NA,NA,NA,NA,NA,NA,NA,NA,20.47,0.81,0.07,NA,NA,NA,NA,0.199999999999999,NA,NA,NA,NA,NA,NA,NA,NA,NA,NA,NA,NA,NA,0.379999999999999,3.90815828041036,1.70981924767953,NA,NA,NA,NA,39.6678065461651,NA,NA,NA,NA,NA,NA,NA,NA,NA,NA,NA,NA,NA,100,26,48.3735464897913,NA,NA,NA
"2024-08-05_L2_RGap_H200_10pct_oxygen_t3min_evil_twins_pluck","CROP_2024-08-05_L2_RGap_H200_10pct_oxygen_t3min_evil_twins_pluck_1_2_Pos23_RGB.tif","2024-08-05","L2","RGap","H200",10,20.6,23,"evil_twins",3,1,515,3,55,28,43,34,NA,NA,NA,210,NA,NA,NA,NA,NA,NA,NA,NA,438,16,FALSE,FALSE,FALSE,TRUE,FALSE,"",-1.35,24.62,26.02,-1.25,1.35,2.6,0.75,0.3,NA,NA,NA,NA,9.37,NA,NA,NA,NA,NA,NA,NA,NA,NA,NA,NA,NA,NA,20.77,0.76,0.02,NA,NA,NA,NA,1.45,NA,NA,NA,NA,NA,NA,NA,NA,NA,NA,NA,NA,NA,0.68,3.61097737120847,1.44439094848339,NA,NA,NA,NA,45.1131439576312,NA,NA,NA,NA,NA,NA,NA,NA,NA,NA,NA,NA,NA,100,30.1496268633627,48.3735464897913,NA,NA,NA
"2024-08-05_L2_RGap_H200_10pct_oxygen_t3min_evil_twins_pluck","CROP_2024-08-05_L2_RGap_H200_10pct_oxygen_t3min_evil_twins_pluck_1_2_Pos24_RGB.tif","2024-08-05","L2","RGap","H200",10,20.6,24,"control",3,1,515,3,55,22,21,27,NA,NA,NA,174,NA,NA,NA,NA,NA,NA,NA,NA,418,16,FALSE,FALSE,TRUE,TRUE,FALSE,"",-1.05,24.92,26.02,-0.95,1.65,2.6,-0.05,0.25,NA,NA,NA,NA,7.87,NA,NA,NA,NA,NA,NA,NA,NA,NA,NA,NA,NA,NA,20.07,-0.04,-0.03,NA,NA,NA,NA,-0.0499999999999998,NA,NA,NA,NA,NA,NA,NA,NA,NA,NA,NA,NA,NA,-0.0199999999999996,-0.249128051818635,1.24564025909317,NA,NA,NA,NA,39.2127553562531,NA,NA,NA,NA,NA,NA,NA,NA,NA,NA,NA,NA,NA,100,12.369316876853,16.5529453572468,NA,NA,NA
